Entity,Code,Year,Internet,Productivity,Researchers in R&D (per million people),region
Albania,ALB,2008,23.86,14.754907,155.23569,Europe
Algeria,DZA,2005,5.84394,24.904377,170.18968,Africa
Algeria,DZA,2017,47.6911,22.562914,821.66516,Africa
Angola,AGO,2011,4.7,9.381851,48.42677,Africa
Angola,AGO,2016,23.2,8.484288,18.93579,Africa
Argentina,ARG,1997,0.2803399,26.122179,694.1551,Americas
Argentina,ARG,1998,0.8307667,24.831041,702.90204,Americas
Argentina,ARG,1999,3.284482,23.373936,710.8261,Americas
Argentina,ARG,2000,7.03868,23.287077,713.9271,Americas
Argentina,ARG,2001,9.78081,22.649946,685.5972,Americas
Argentina,ARG,2002,10.8821,20.690678,689.5109,Americas
Argentina,ARG,2003,11.9137,21.357645,715.84326,Americas
Argentina,ARG,2004,16.0367,21.545889,763.13904,Americas
Argentina,ARG,2005,17.7206,21.956108,816.8412,Americas
Argentina,ARG,2006,20.9272,23.118025,888.89166,Americas
Argentina,ARG,2007,25.9466,24.502375,971.2901,Americas
Argentina,ARG,2008,28.1126,25.795603,1032.6748,Americas
Argentina,ARG,2009,34.0,24.84021,1031.6414,Americas
Argentina,ARG,2010,45.0,27.548946,1119.0503,Americas
Argentina,ARG,2011,51.0,30.288898,1175.3723,Americas
Argentina,ARG,2012,55.8,30.902163,1197.6554,Americas
Argentina,ARG,2013,59.9,30.424402,1193.3733,Americas
Argentina,ARG,2014,64.7,29.664883,1202.4739,Americas
Argentina,ARG,2015,68.0431,30.041763,1225.5099,Americas
Argentina,ARG,2016,70.969,31.259394,1254.0668,Americas
Argentina,ARG,2017,74.2949,34.320583,1206.019,Americas
Argentina,ARG,2018,77.7,35.61679,1220.9363,Americas
Argentina,ARG,2019,79.947,33.71197,1224.6993,Americas
Argentina,ARG,2020,85.5144,36.470943,1250.4835,Americas
Argentina,ARG,2021,87.1507,34.767593,1288.1348,Americas
Argentina,ARG,2022,88.3754,37.22633,1296.4543,Americas
Armenia,ARM,2022,77.0277,24.662813,1187.434,Asia
Australia,AUS,1996,3.27525,47.4686,3353.7053,Oceania
Australia,AUS,1998,30.81324,50.72947,3379.7754,Oceania
Australia,AUS,2000,46.7561,52.59428,3470.7021,Oceania
Australia,AUS,2006,66.0,59.90955,4269.018,Oceania
Australia,AUS,2008,71.67,60.984226,4379.6353,Oceania
Australia,AUS,2010,76.0,66.426834,4568.5664,Oceania
Austria,AUT,1998,15.421219,51.796326,2347.3284,Europe
Austria,AUT,2002,36.56,56.25957,2992.221,Europe
Austria,AUT,2004,54.28,58.22549,3186.9539,Europe
Austria,AUT,2005,58.0,61.650867,3470.7263,Europe
Austria,AUT,2006,63.6,62.488777,3536.8228,Europe
Austria,AUT,2007,69.37,64.070755,3823.6313,Europe
Austria,AUT,2008,72.87,65.52234,4152.755,Europe
Austria,AUT,2009,73.45,64.993904,4157.93,Europe
Austria,AUT,2010,75.17,66.47581,4379.182,Europe
Austria,AUT,2011,78.74,68.57759,4430.5356,Europe
Austria,AUT,2012,80.03,70.070335,4720.811,Europe
Austria,AUT,2013,80.6188,69.24733,4782.124,Europe
Austria,AUT,2014,80.9958,72.200165,5009.442,Europe
Austria,AUT,2015,83.9401,74.01847,5073.4287,Europe
Austria,AUT,2016,84.3237,73.73715,5400.3477,Europe
Austria,AUT,2017,87.9356,76.241165,5416.08,Europe
Austria,AUT,2018,87.4791,77.677826,5682.441,Europe
Austria,AUT,2019,87.7522,81.325676,5958.8564,Europe
Austria,AUT,2020,87.5294,85.04281,5829.286,Europe
Austria,AUT,2021,92.5292,84.39119,6323.0034,Europe
Austria,AUT,2022,93.6141,86.678185,6658.549,Europe
Azerbaijan,AZE,2019,81.1,21.091812,1715.4639,Asia
Azerbaijan,AZE,2020,84.6,21.489046,1732.373,Asia
Azerbaijan,AZE,2021,86.0,22.756945,1743.4302,Asia
Azerbaijan,AZE,2022,88.0,24.026594,1702.313,Asia
Bahrain,BHR,2014,90.5031,54.83569,384.09338,Asia
Belarus,BLR,2020,85.0879,33.176353,1473.3776,Europe
Belarus,BLR,2021,86.8884,34.202415,1439.1965,Europe
Belarus,BLR,2022,89.5073,32.877697,1434.1901,Europe
Belarus,BLR,2023,91.5125,35.130318,1504.3527,Europe
Belgium,BEL,1996,2.9684117,56.89613,2477.439,Europe
Belgium,BEL,1997,4.938081,58.597492,2582.2632,Europe
Belgium,BEL,1998,7.886623,57.93025,2707.109,Europe
Belgium,BEL,1999,13.772215,59.663586,2910.8818,Europe
Belgium,BEL,2000,29.4317,62.139027,2982.5535,Europe
Belgium,BEL,2001,31.2884,62.25209,3140.7324,Europe
Belgium,BEL,2002,46.33,64.024666,2974.596,Europe
Belgium,BEL,2003,49.97,65.09032,2985.4468,Europe
Belgium,BEL,2004,53.86,65.92736,3116.4478,Europe
Belgium,BEL,2005,55.82,71.186005,3173.0793,Europe
Belgium,BEL,2006,61.9819,67.177864,3318.086,Europe
Belgium,BEL,2007,66.7604,68.505424,3431.0837,Europe
Belgium,BEL,2008,68.8573,73.745995,3447.8652,Europe
Belgium,BEL,2009,74.5441,72.62742,3554.6775,Europe
Belgium,BEL,2010,77.6398,76.264084,3755.6357,Europe
Belgium,BEL,2011,81.61,77.29739,3880.1958,Europe
Belgium,BEL,2012,80.72,77.53464,4116.616,Europe
Belgium,BEL,2013,82.1702,77.65217,4161.6206,Europe
Belgium,BEL,2014,85.0012,78.38158,4544.8667,Europe
Belgium,BEL,2015,85.0529,75.51626,4731.816,Europe
Belgium,BEL,2016,86.5165,76.23308,4798.3267,Europe
Belgium,BEL,2017,87.6797,77.49725,4757.308,Europe
Belgium,BEL,2018,88.6473,75.874306,5040.0005,Europe
Belgium,BEL,2019,90.2754,79.80308,5290.8794,Europe
Belgium,BEL,2020,91.5264,84.58761,5418.9126,Europe
Belgium,BEL,2021,92.7887,83.71278,6596.706,Europe
Belgium,BEL,2022,94.0078,83.72426,6983.19,Europe
Bolivia,BOL,2009,16.8,5.466229,143.15295,Americas
Bolivia,BOL,2010,22.4,6.013514,162.98203,Americas
Bolivia,BOL,2017,43.8323,8.988842,49.89826,Americas
Bolivia,BOL,2019,47.4748,9.550994,58.8279,Americas
Bolivia,BOL,2021,65.9774,8.946004,63.0569,Americas
Bosnia and Herzegovina,BIH,2005,21.3267,17.927525,61.48538,Europe
Bosnia and Herzegovina,BIH,2006,25.1224,20.018959,164.44144,Europe
Bosnia and Herzegovina,BIH,2007,27.92,21.090841,184.20563,Europe
Bosnia and Herzegovina,BIH,2012,45.0645,29.286215,155.74573,Europe
Bosnia and Herzegovina,BIH,2013,48.5213,29.146742,228.0143,Europe
Bosnia and Herzegovina,BIH,2014,49.9177,30.390177,283.73764,Europe
Bosnia and Herzegovina,BIH,2015,52.6,32.79729,353.6653,Europe
Bosnia and Herzegovina,BIH,2016,60.2565,32.65131,406.85468,Europe
Bosnia and Herzegovina,BIH,2017,64.892,32.866726,471.5093,Europe
Bosnia and Herzegovina,BIH,2018,70.1201,33.26323,459.76526,Europe
Bosnia and Herzegovina,BIH,2019,69.9463,35.82757,451.01282,Europe
Bosnia and Herzegovina,BIH,2020,73.2118,36.223686,446.11618,Europe
Bosnia and Herzegovina,BIH,2021,75.6762,36.544075,445.6928,Europe
Bosnia and Herzegovina,BIH,2022,78.8455,40.318443,540.1479,Europe
Bosnia and Herzegovina,BIH,2023,83.3772,39.94367,669.76764,Europe
Botswana,BWA,2012,16.0,16.874378,168.08972,Africa
Botswana,BWA,2013,30.0,16.560192,179.77335,Africa
Brazil,BRA,2000,2.87069,12.489104,298.5398,Americas
Brazil,BRA,2001,4.52849,12.356733,341.27927,Americas
Brazil,BRA,2002,9.14943,12.234266,403.16476,Americas
Brazil,BRA,2003,13.2076,11.989907,428.48508,Americas
Brazil,BRA,2004,19.0737,12.04281,489.27106,Americas
Brazil,BRA,2005,21.0227,12.276319,515.766,Americas
Brazil,BRA,2006,28.1784,12.995927,550.49744,Americas
Brazil,BRA,2007,30.88,14.311291,562.5547,Americas
Brazil,BRA,2008,33.83,15.594543,598.65283,Americas
Brazil,BRA,2009,39.22,16.711393,634.14105,Americas
Brazil,BRA,2010,40.65,18.358423,696.1,Americas
Brazil,BRA,2011,45.69,20.073565,749.17175,Americas
Brazil,BRA,2012,48.56,19.9987,801.40894,Americas
Brazil,BRA,2013,51.04,19.691858,852.717,Americas
Brazil,BRA,2014,54.551,19.440182,903.2008,Americas
Bulgaria,BGR,1996,0.72525114,17.086872,1771.8542,Europe
Bulgaria,BGR,1997,1.2198131,13.340294,1450.7814,Europe
Bulgaria,BGR,1998,1.8449651,16.46134,1464.1809,Europe
Bulgaria,BGR,1999,2.908154,16.544697,1306.2045,Europe
Bulgaria,BGR,2000,5.37092,18.275629,1179.696,Europe
Bulgaria,BGR,2001,7.6123,19.692627,1157.0543,Europe
Bulgaria,BGR,2002,9.08,20.167849,1168.802,Europe
Bulgaria,BGR,2003,12.04,20.071693,1224.1956,Europe
Bulgaria,BGR,2004,18.13,19.960627,1263.7733,Europe
Bulgaria,BGR,2005,19.97,21.04667,1301.7063,Europe
Bulgaria,BGR,2006,27.09,21.857475,1348.0873,Europe
Bulgaria,BGR,2007,33.64,22.972294,1471.4789,Europe
Bulgaria,BGR,2008,39.67,23.358082,1505.751,Europe
Bulgaria,BGR,2009,45.0,24.498455,1593.4312,Europe
Bulgaria,BGR,2010,46.23,26.328436,1470.6932,Europe
Bulgaria,BGR,2011,47.98,26.634476,1606.2057,Europe
Bulgaria,BGR,2012,51.9,27.623789,1537.4066,Europe
Bulgaria,BGR,2013,53.0615,25.929907,1685.2035,Europe
Bulgaria,BGR,2014,55.4904,26.445684,1822.0309,Europe
Bulgaria,BGR,2015,56.6563,26.94714,1976.759,Europe
Bulgaria,BGR,2016,59.8255,28.499924,2236.855,Europe
Bulgaria,BGR,2017,63.4101,28.426071,2125.4602,Europe
Bulgaria,BGR,2018,64.782,29.041069,2343.4873,Europe
Bulgaria,BGR,2019,67.947,30.631517,2420.0896,Europe
Bulgaria,BGR,2020,70.1625,31.310415,2401.1692,Europe
Bulgaria,BGR,2021,75.2714,34.628296,2346.6958,Europe
Bulgaria,BGR,2022,79.1269,35.29849,2557.198,Europe
Burkina Faso,BFA,2010,2.4,2.1869826,46.5781,Africa
Cambodia,KHM,2002,0.226983,1.4018564,17.47676,Asia
Cambodia,KHM,2015,6.43319,4.077469,30.38923,Asia
Canada,CAN,1996,6.7602396,48.277153,3055.6724,Americas
Canada,CAN,1997,15.072357,48.82593,3114.2388,Americas
Canada,CAN,1998,24.8974,48.338005,3153.038,Americas
Canada,CAN,1999,36.18644,50.274673,3238.3533,Americas
Canada,CAN,2000,51.3,52.643627,3510.4827,Americas
Canada,CAN,2001,60.2,52.326077,3688.2683,Americas
Canada,CAN,2002,61.5933,52.195503,3695.3398,Americas
Canada,CAN,2003,64.2,53.81343,3888.4744,Americas
Canada,CAN,2004,65.956,54.890476,4076.6843,Americas
Canada,CAN,2005,71.66,58.451057,4234.3633,Americas
Canada,CAN,2006,72.4,58.050117,4315.139,Americas
Canada,CAN,2007,73.2,58.131107,4596.695,Americas
Canada,CAN,2008,76.7,59.88945,4725.991,Americas
Canada,CAN,2009,80.3,55.785572,4466.1406,Americas
Canada,CAN,2010,80.3,58.41481,4664.079,Americas
Canada,CAN,2011,83.0,61.105362,4802.7188,Americas
Canada,CAN,2012,83.0,60.37233,4652.429,Americas
Canada,CAN,2013,85.8,61.309326,4647.614,Americas
Canada,CAN,2014,87.12,63.82717,4564.22,Americas
Canada,CAN,2015,90.0,59.803795,4545.9688,Americas
Canada,CAN,2016,91.16,60.476627,4400.4927,Americas
Canada,CAN,2017,92.7014,62.09614,4429.058,Americas
Canada,CAN,2018,94.64,61.829838,4715.9185,Americas
Canada,CAN,2019,91.9129,60.960705,4850.937,Americas
Canada,CAN,2020,92.3,66.48789,5155.6504,Americas
Canada,CAN,2021,93.2917,63.506805,5411.8267,Americas
Chad,TCD,2016,5.8,4.5678473,56.72121,Africa
Chile,CHL,2007,35.9,23.69634,334.6164,Americas
Chile,CHL,2008,37.3,23.327753,355.67667,Americas
Chile,CHL,2009,41.56,23.613308,287.11072,Americas
Chile,CHL,2010,45.0,26.699575,318.2091,Americas
Chile,CHL,2011,52.2496,29.014107,352.01898,Americas
Chile,CHL,2012,55.05,30.161224,389.8751,Americas
Chile,CHL,2013,58.0,30.158035,334.78845,Americas
Chile,CHL,2014,61.11,31.00204,426.80475,Americas
Chile,CHL,2015,76.6296,30.265446,455.29184,Americas
Chile,CHL,2016,83.5586,30.035727,495.36438,Americas
Chile,CHL,2017,82.3275,31.151522,494.6297,Americas
Chile,CHL,2018,84.9,31.849947,523.65454,Americas
Chile,CHL,2019,85.0176,31.90617,507.31033,Americas
Chile,CHL,2020,87.4593,36.512775,515.32025,Americas
Chile,CHL,2021,88.8045,34.831936,638.838,Americas
China,CHN,1996,0.013081692,2.7279365,447.0994,Asia
China,CHN,1997,0.03239486,2.8579865,476.21304,Asia
China,CHN,1998,0.1685403,3.0277374,389.62564,Asia
China,CHN,1999,0.70818794,3.2503235,422.97614,Asia
China,CHN,2000,1.77591,3.5005732,549.57477,Asia
China,CHN,2001,2.63965,3.759835,582.78827,Asia
China,CHN,2002,4.5957,4.0382023,631.7348,Asia
China,CHN,2003,6.2,4.391763,667.9285,Asia
China,CHN,2004,7.3,4.851698,713.4259,Asia
China,CHN,2005,8.52326,5.267778,856.65894,Asia
China,CHN,2006,10.5232,5.6809525,931.2015,Asia
China,CHN,2007,16.0,6.485825,1076.7374,Asia
China,CHN,2008,22.6,7.0976367,1197.5889,Asia
China,CHN,2009,28.9,7.616226,861.24884,Asia
China,CHN,2010,34.3,8.044041,898.85547,Asia
China,CHN,2011,38.3,8.914549,972.01746,Asia
China,CHN,2012,42.3001,9.499309,1028.9834,Asia
China,CHN,2013,45.8,9.730016,1079.638,Asia
China,CHN,2014,47.9,10.327312,1101.8009,Asia
China,CHN,2015,50.3,10.865309,1162.7108,Asia
China,CHN,2016,53.2,11.403435,1208.862,Asia
China,CHN,2017,54.3,12.222228,1235.8494,Asia
China,CHN,2018,59.2,13.1396885,1317.4891,Asia
China,CHN,2019,64.0809,14.174832,1483.858,Asia
China,CHN,2020,70.0528,15.131998,1600.3063,Asia
China,CHN,2021,73.0532,16.498594,1685.9751,Asia
China,CHN,2022,75.6113,16.89764,1849.2367,Asia
Colombia,COL,2013,51.7,14.470545,58.0547,Americas
Colombia,COL,2014,52.5681,14.882218,59.05478,Americas
Colombia,COL,2015,55.905,14.291327,70.66931,Americas
Colombia,COL,2016,58.1365,13.976612,91.2603,Americas
Colombia,COL,2017,62.2599,14.206431,90.24729,Americas
Congo,COG,2022,36.2469,7.3132114,126.96941,Africa
Costa Rica,CRI,2003,20.3336,13.478638,133.40471,Americas
Costa Rica,CRI,2004,20.7923,13.563847,110.07807,Americas
Costa Rica,CRI,2005,22.07,14.271688,124.52761,Americas
Costa Rica,CRI,2008,32.29,14.542016,264.1778,Americas
Costa Rica,CRI,2009,34.33,15.662095,343.38492,Americas
Costa Rica,CRI,2010,36.5,16.296036,385.92477,Americas
Costa Rica,CRI,2011,39.2122,16.582954,410.6889,Americas
Costa Rica,CRI,2012,47.5,18.260124,340.94424,Americas
Costa Rica,CRI,2013,45.96,18.215761,359.00482,Americas
Costa Rica,CRI,2014,53.0,19.32357,574.9176,Americas
Costa Rica,CRI,2015,59.763,20.299448,500.97137,Americas
Costa Rica,CRI,2016,65.8804,20.584156,531.44617,Americas
Costa Rica,CRI,2017,71.5817,22.276365,385.02377,Americas
Costa Rica,CRI,2018,73.4797,23.666555,349.49118,Americas
Costa Rica,CRI,2020,80.5302,28.88059,371.97028,Americas
Costa Rica,CRI,2021,82.749,27.334011,406.58118,Americas
Costa Rica,CRI,2022,82.598,25.847595,462.4742,Americas
Cote d'Ivoire,CIV,2005,1.03924,2.986724,63.99303,Africa
Croatia,HRV,1998,3.2732203,20.987856,1058.2139,Europe
Croatia,HRV,1999,4.4053593,21.735947,1250.7164,Europe
Croatia,HRV,2000,6.64488,23.514591,1554.7175,Europe
Croatia,HRV,2001,11.5586,24.147898,1549.1918,Europe
Croatia,HRV,2002,17.76,26.128862,1990.8424,Europe
Croatia,HRV,2003,22.75,27.298973,1361.1721,Europe
Croatia,HRV,2004,30.91,27.773874,1657.5648,Europe
Croatia,HRV,2005,33.14,29.038477,1327.9733,Europe
Croatia,HRV,2006,37.98,29.08061,1338.9552,Europe
Croatia,HRV,2007,41.44,30.89751,1419.9678,Europe
Croatia,HRV,2008,44.24,32.01722,1551.807,Europe
Croatia,HRV,2009,50.58,30.735718,1606.7611,Europe
Croatia,HRV,2010,56.55,31.073338,1649.2494,Europe
Croatia,HRV,2011,57.79,33.860638,1594.225,Europe
Croatia,HRV,2012,61.94,35.85464,1567.4617,Europe
Croatia,HRV,2013,66.7476,35.141396,1535.6204,Europe
Croatia,HRV,2014,68.5679,34.43929,1445.0427,Europe
Croatia,HRV,2015,69.845,37.16969,1513.8384,Europe
Croatia,HRV,2016,72.6973,38.39174,1871.3992,Europe
Croatia,HRV,2017,67.0962,41.132244,1900.861,Europe
Croatia,HRV,2018,75.2946,39.25482,1973.0153,Europe
Croatia,HRV,2019,79.0798,38.796227,2203.5505,Europe
Croatia,HRV,2020,78.3209,35.67917,2295.444,Europe
Croatia,HRV,2021,81.254,39.50393,2414.422,Europe
Croatia,HRV,2022,82.0716,41.07334,2534.4243,Europe
Cyprus,CYP,1998,8.890539,35.241863,349.5183,Asia
Cyprus,CYP,1999,11.342399,37.13651,407.11008,Asia
Cyprus,CYP,2000,15.2554,41.91559,438.81436,Asia
Cyprus,CYP,2001,18.8188,42.375515,477.38583,Asia
Cyprus,CYP,2002,28.32,41.2168,616.5499,Asia
Cyprus,CYP,2003,30.09,36.811447,686.54376,Asia
Cyprus,CYP,2004,33.83,37.19426,806.48175,Asia
Cyprus,CYP,2005,32.81,40.41551,930.3379,Asia
Cyprus,CYP,2006,35.83,41.629475,1005.35876,Asia
Cyprus,CYP,2007,40.77,40.368713,1054.2065,Asia
Cyprus,CYP,2008,42.31,43.99252,1038.2142,Asia
Cyprus,CYP,2009,49.81,46.031357,1095.4539,Asia
Cyprus,CYP,2010,52.99,47.605515,1104.8173,Asia
Cyprus,CYP,2011,56.8599,44.55793,1091.9904,Asia
Cyprus,CYP,2012,60.6899,47.46698,1022.02875,Asia
Cyprus,CYP,2013,65.4548,44.922203,1026.7035,Asia
Cyprus,CYP,2014,69.3287,43.24122,1051.2821,Asia
Cyprus,CYP,2015,71.7157,45.10033,1010.6162,Asia
Cyprus,CYP,2016,75.9002,46.98066,1058.5641,Asia
Cyprus,CYP,2017,80.7432,46.293346,1209.6368,Asia
Cyprus,CYP,2018,84.4336,43.352467,1408.1802,Asia
Cyprus,CYP,2019,86.0636,48.435753,1657.7253,Asia
Cyprus,CYP,2020,90.8019,47.690174,1739.8551,Asia
Cyprus,CYP,2021,90.7595,45.98839,1743.0668,Asia
Cyprus,CYP,2022,89.601,42.606274,1727.635,Asia
Czechia,CZE,1996,1.9403782,29.496294,1258.0319,Europe
Czechia,CZE,1997,2.9156988,28.648998,1222.7761,Europe
Czechia,CZE,1998,3.895906,27.755621,1223.3212,Europe
Czechia,CZE,1999,6.832802,27.824385,1319.353,Europe
Czechia,CZE,2000,9.78053,28.797884,1352.2141,Europe
Czechia,CZE,2001,14.6972,31.558556,1465.0525,Europe
Czechia,CZE,2002,23.93,31.330708,1463.1328,Europe
Czechia,CZE,2003,34.3,32.832714,1543.1345,Europe
Czechia,CZE,2004,35.5,33.4945,1589.7319,Europe
Czechia,CZE,2005,35.27,35.115566,2353.4104,Europe
Czechia,CZE,2006,47.93,35.70811,2552.5786,Europe
Czechia,CZE,2007,51.93,38.58749,2701.6855,Europe
Czechia,CZE,2008,62.97,37.7356,2876.0183,Europe
Czechia,CZE,2009,64.43,37.5656,2765.271,Europe
Czechia,CZE,2010,68.82,38.408417,2799.125,Europe
Czechia,CZE,2011,70.49,40.709778,2925.8794,Europe
Czechia,CZE,2012,73.43,41.04866,3162.1118,Europe
Czechia,CZE,2013,74.1104,40.476345,3260.8315,Europe
Czechia,CZE,2014,74.2317,41.997353,3428.3083,Europe
Czechia,CZE,2015,75.6688,42.950813,3619.1602,Europe
Czechia,CZE,2016,76.4812,43.276096,3546.9277,Europe
Czechia,CZE,2017,78.7192,45.38103,3718.3457,Europe
Czechia,CZE,2018,80.6882,45.92363,3906.6782,Europe
Czechia,CZE,2019,80.8669,49.792152,4027.5872,Europe
Czechia,CZE,2020,81.3389,51.3602,4187.1846,Europe
Czechia,CZE,2021,82.6706,51.39281,4560.451,Europe
Czechia,CZE,2022,84.5401,51.131226,4696.6846,Europe
Democratic Republic of Congo,COD,2015,3.8,1.6738734,10.10515,Africa
Denmark,DNK,1996,5.7149878,52.86117,3180.1526,Europe
Denmark,DNK,1997,11.382005,54.022552,3319.539,Europe
Denmark,DNK,1999,30.592041,55.87614,3565.3901,Europe
Denmark,DNK,2001,42.9575,57.93497,3636.5627,Europe
Denmark,DNK,2002,64.25,58.694958,4758.778,Europe
Denmark,DNK,2003,76.26,59.00302,4621.8604,Europe
Denmark,DNK,2004,80.93,61.873425,4847.798,Europe
Denmark,DNK,2005,82.74,64.562225,5207.2466,Europe
Denmark,DNK,2006,86.65,64.97579,5314.7295,Europe
Denmark,DNK,2007,85.03,66.43892,5539.3345,Europe
Denmark,DNK,2008,85.02,69.79276,6519.6826,Europe
Denmark,DNK,2009,86.84,69.93462,6674.9004,Europe
Denmark,DNK,2010,88.72,75.33401,6763.583,Europe
Denmark,DNK,2011,89.81,77.95425,7045.774,Europe
Denmark,DNK,2012,92.26,78.593475,7181.8506,Europe
Denmark,DNK,2013,94.6297,77.19141,7115.4194,Europe
Denmark,DNK,2014,95.9935,77.33569,7358.1885,Europe
Denmark,DNK,2015,96.3305,75.94151,7566.458,Europe
Denmark,DNK,2016,96.9678,77.22661,7852.0566,Europe
Denmark,DNK,2017,97.0994,80.47136,7647.6177,Europe
Denmark,DNK,2018,97.3192,81.621376,7597.5254,Europe
Denmark,DNK,2019,98.0464,85.80067,7693.549,Europe
Denmark,DNK,2020,96.5491,89.233696,7651.284,Europe
Denmark,DNK,2021,98.8659,90.23293,7708.2373,Europe
Denmark,DNK,2022,97.8601,89.954384,8735.601,Europe
Dominican Republic,DOM,2020,81.6173,24.512321,24.56941,Americas
Dominican Republic,DOM,2021,85.243,23.391329,23.40074,Americas
Dominican Republic,DOM,2022,84.3832,23.578236,20.03771,Americas
Ecuador,ECU,1996,0.08616128,9.187274,84.01608,Americas
Ecuador,ECU,1997,0.11021796,8.364782,78.17639,Americas
Ecuador,ECU,1998,0.12527277,7.9360647,83.52213,Americas
Ecuador,ECU,2001,2.67044,8.401136,40.16034,Americas
Ecuador,ECU,2002,4.2608,8.94394,42.23367,Americas
Ecuador,ECU,2003,4.46023,9.249545,48.66397,Americas
Ecuador,ECU,2006,7.2,12.330692,70.53158,Americas
Ecuador,ECU,2007,10.8,12.913231,65.03887,Americas
Ecuador,ECU,2008,18.8,13.958872,103.21122,Americas
Ecuador,ECU,2009,24.6,13.358304,118.28189,Americas
Ecuador,ECU,2010,29.03,14.165374,141.13492,Americas
Ecuador,ECU,2011,31.3668,15.599268,180.01141,Americas
Ecuador,ECU,2012,35.1351,16.56428,281.58286,Americas
Ecuador,ECU,2013,40.2791,17.69892,350.98087,Americas
Ecuador,ECU,2014,45.5904,17.77508,400.2615,Americas
Egypt,EGY,2007,16.03,12.995851,591.2582,Africa
Egypt,EGY,2008,18.01,15.179346,410.61484,Africa
Egypt,EGY,2009,20.0,15.666975,405.67612,Africa
Egypt,EGY,2010,21.6,17.15166,461.31976,Africa
Egypt,EGY,2011,25.6,20.174463,461.5938,Africa
Egypt,EGY,2012,26.4,23.249084,485.09393,Africa
Egypt,EGY,2013,29.4,22.70011,505.91385,Africa
Egypt,EGY,2014,33.8946,21.732351,632.8809,Africa
Egypt,EGY,2015,37.8194,22.24853,631.04333,Africa
Egypt,EGY,2016,41.2481,23.009645,646.99677,Africa
Egypt,EGY,2017,44.9502,22.965277,636.0022,Africa
Egypt,EGY,2018,46.9243,25.19107,645.4434,Africa
Egypt,EGY,2019,57.2829,25.790623,776.5619,Africa
Egypt,EGY,2020,71.9142,31.196522,790.65533,Africa
Egypt,EGY,2021,72.056,29.50559,808.4351,Africa
Egypt,EGY,2022,72.1981,28.651329,829.2751,Africa
Estonia,EST,1998,10.796035,16.253605,2102.38,Europe
Estonia,EST,1999,14.500897,17.334574,2135.2642,Europe
Estonia,EST,2000,28.577,19.571894,1902.6006,Europe
Estonia,EST,2001,31.5275,20.587934,1924.963,Europe
Estonia,EST,2002,41.52,21.935745,2210.9167,Europe
Estonia,EST,2003,45.32,22.333717,2193.7334,Europe
Estonia,EST,2004,53.2,23.448483,2465.5688,Europe
Estonia,EST,2005,61.45,26.179033,2451.1877,Europe
Estonia,EST,2006,63.51,26.70977,2600.7542,Europe
Estonia,EST,2007,66.19,29.809814,2747.582,Europe
Estonia,EST,2008,70.58,30.719822,2972.9307,Europe
Estonia,EST,2009,72.5,32.58019,3229.6753,Europe
Estonia,EST,2010,74.1,34.99152,3057.783,Europe
Estonia,EST,2011,76.5,37.206036,3392.806,Europe
Estonia,EST,2012,78.3899,39.64116,3457.7556,Europe
Estonia,EST,2013,80.0043,39.647835,3338.396,Europe
Estonia,EST,2014,84.2415,40.512623,3285.5935,Europe
Estonia,EST,2015,88.4097,38.552685,3188.492,Europe
Estonia,EST,2016,87.2402,39.751358,3296.3726,Europe
Estonia,EST,2017,88.1025,41.171707,3552.4653,Europe
Estonia,EST,2018,89.357,44.438168,3766.0815,Europe
Estonia,EST,2019,90.2289,47.559307,3770.4202,Europe
Estonia,EST,2020,89.0583,50.410362,3836.3796,Europe
Estonia,EST,2021,90.9797,52.98748,4036.1313,Europe
Estonia,EST,2022,91.5202,50.403057,4654.8545,Europe
Ethiopia,ETH,2005,0.21966,1.434472,20.82551,Africa
Ethiopia,ETH,2007,0.37,1.5934602,19.72278,Africa
Ethiopia,ETH,2010,0.75,1.9098954,41.46809,Africa
Ethiopia,ETH,2013,4.6,2.1767101,43.9301,Africa
Ethiopia,ETH,2017,15.6,3.058945,89.03843,Africa
Finland,FIN,2004,72.39,58.53743,7855.562,Europe
Finland,FIN,2005,74.48,60.606853,7558.6997,Europe
Finland,FIN,2006,79.66,60.5608,7689.19,Europe
Finland,FIN,2007,80.78,64.30976,7390.5503,Europe
Finland,FIN,2008,83.67,65.480774,7712.316,Europe
Finland,FIN,2009,82.49,62.864017,7669.2837,Europe
Finland,FIN,2010,86.89,64.69934,7740.921,Europe
Finland,FIN,2011,88.71,66.40329,7441.9775,Europe
Finland,FIN,2012,89.88,65.64078,7492.461,Europe
Finland,FIN,2013,91.5144,63.076878,7222.8066,Europe
Finland,FIN,2014,86.5304,63.709225,7022.1865,Europe
Finland,FIN,2015,86.4221,64.56952,6855.971,Europe
Finland,FIN,2016,87.7036,65.81687,6543.6997,Europe
Finland,FIN,2017,87.4689,67.742004,6731.4536,Europe
Finland,FIN,2018,88.89,66.70301,6872.6895,Europe
Finland,FIN,2019,89.6074,69.871284,7245.8584,Europe
Finland,FIN,2020,92.1703,71.64948,7548.325,Europe
Finland,FIN,2021,92.8081,72.21261,7870.4287,Europe
Finland,FIN,2022,92.9888,70.495186,8073.1455,Europe
France,FRA,1996,2.584034,51.13975,2656.2712,Europe
France,FRA,1997,4.255004,53.63146,2646.3481,Europe
France,FRA,1998,6.319779,55.73289,2654.587,Europe
France,FRA,1999,9.125318,56.734753,2723.933,Europe
France,FRA,2000,14.3079,59.59324,2902.951,Europe
France,FRA,2001,26.3259,61.51625,2971.3904,Europe
France,FRA,2002,30.18,63.588486,3100.9536,Europe
France,FRA,2003,36.14,60.832603,3184.6357,Europe
France,FRA,2004,39.15,61.278027,3320.667,Europe
France,FRA,2005,42.87,63.988853,3297.8474,Europe
France,FRA,2006,46.87,65.12917,3405.181,Europe
France,FRA,2007,66.09,66.86444,3563.5654,Europe
France,FRA,2008,70.68,67.040504,3636.4841,Europe
France,FRA,2009,71.58,66.91059,3722.9998,Europe
France,FRA,2010,77.28,68.51237,3849.5935,Europe
France,FRA,2011,77.82,70.49767,3920.657,Europe
France,FRA,2012,81.44,71.08738,4052.1704,Europe
France,FRA,2013,81.9198,70.648125,4133.5625,Europe
France,FRA,2014,83.7511,71.26861,4210.036,Europe
France,FRA,2015,78.006,72.26746,4310.7095,Europe
France,FRA,2016,79.2698,72.82366,4392.047,Europe
France,FRA,2017,80.5025,74.38966,4546.762,Europe
France,FRA,2018,82.0432,74.25583,4670.532,Europe
France,FRA,2019,83.3397,80.23372,4773.9727,Europe
France,FRA,2020,84.7064,81.77437,4883.2217,Europe
France,FRA,2021,86.0955,78.91601,5058.0537,Europe
France,FRA,2022,85.3333,77.588234,5181.8457,Europe
Georgia,GEO,2013,43.3,28.00136,599.63654,Asia
Georgia,GEO,2014,49.1025,28.779175,1126.7815,Asia
Georgia,GEO,2015,47.5698,30.09388,1359.0223,Asia
Georgia,GEO,2016,58.4593,32.191864,1383.7368,Asia
Georgia,GEO,2017,59.7055,35.574593,1381.9313,Asia
Georgia,GEO,2018,62.7179,34.644398,1544.7177,Asia
Georgia,GEO,2019,68.8467,38.052338,1788.4319,Asia
Georgia,GEO,2020,72.5316,41.4111,1799.1713,Asia
Georgia,GEO,2021,76.4427,43.231712,1702.9606,Asia
Georgia,GEO,2022,78.7113,44.70829,1808.9996,Asia
Georgia,GEO,2023,81.8842,46.887165,1768.1649,Asia
Germany,DEU,1996,3.0548053,51.823856,2801.621,Europe
Germany,DEU,1997,6.7110877,53.603516,2862.8306,Europe
Germany,DEU,1998,9.877852,54.964676,2884.3052,Europe
Germany,DEU,1999,20.845984,57.002277,3120.9,Europe
Germany,DEU,2000,30.2163,58.083973,3154.4844,Europe
Germany,DEU,2001,31.6509,59.583893,3230.2688,Europe
Germany,DEU,2002,48.82,60.345882,3240.7546,Europe
Germany,DEU,2003,55.9,62.53588,3275.1865,Europe
Germany,DEU,2004,64.73,63.894978,3290.962,Europe
Germany,DEU,2005,68.71,67.481415,3315.7563,Europe
Germany,DEU,2006,72.16,67.91674,3411.7869,Europe
Germany,DEU,2007,75.16,70.65134,3573.6733,Europe
Germany,DEU,2008,78.0,71.66557,3726.6746,Europe
Germany,DEU,2009,79.0,68.88706,3916.7827,Europe
Germany,DEU,2010,82.0,70.99874,4056.4238,Europe
Germany,DEU,2011,81.27,74.035706,4191.5176,Europe
Germany,DEU,2012,82.35,73.76013,4355.567,Europe
Germany,DEU,2013,84.17,73.892365,4380.387,Europe
Germany,DEU,2014,86.1937,75.67106,4336.019,Europe
Germany,DEU,2015,87.5898,74.099724,4755.2954,Europe
Germany,DEU,2016,84.1652,76.02909,4839.8467,Europe
Germany,DEU,2017,84.3942,78.19524,5058.3955,Europe
Germany,DEU,2018,87.0371,78.59967,5209.2144,Europe
Germany,DEU,2019,88.1345,81.118675,5398.635,Europe
Germany,DEU,2020,89.8129,82.04048,5390.0522,Europe
Germany,DEU,2021,91.4306,82.90917,5520.576,Europe
Germany,DEU,2022,91.6298,82.74721,5787.442,Europe
Ghana,GHA,2007,3.85,6.3293066,16.80827,Africa
Ghana,GHA,2010,7.8,6.7201314,37.36945,Africa
Ghana,GHA,2015,23.0,8.222179,87.47972,Africa
Greece,GRC,1997,1.8496346,32.091225,1034.8357,Europe
Greece,GRC,1999,6.877292,32.5649,1378.0935,Europe
Greece,GRC,2001,10.935,36.395542,1329.3423,Europe
Greece,GRC,2003,17.8,36.920322,1433.3917,Europe
Greece,GRC,2005,24.0,35.795254,1787.194,Europe
Greece,GRC,2006,32.25,38.030193,1809.7524,Europe
Greece,GRC,2007,35.88,38.440254,1904.7507,Europe
Greece,GRC,2011,51.65,36.30221,2217.3345,Europe
Greece,GRC,2012,55.07,34.935993,2236.2874,Europe
Greece,GRC,2013,59.8663,34.78587,2655.4722,Europe
Greece,GRC,2014,63.2073,34.229015,2733.923,Europe
Greece,GRC,2015,66.835,35.89035,3196.523,Europe
Greece,GRC,2016,69.0879,34.110714,2726.6008,Europe
Greece,GRC,2017,69.893,34.763412,3250.6152,Europe
Greece,GRC,2018,72.2384,32.844246,3416.0808,Europe
Greece,GRC,2019,75.6712,35.219307,3644.6008,Europe
Greece,GRC,2020,78.1158,35.598457,4008.1846,Europe
Greece,GRC,2021,78.4943,35.341057,4244.368,Europe
Greece,GRC,2022,83.1707,37.005333,4926.781,Europe
Guatemala,GTM,2005,5.7,8.8409,29.96244,Americas
Guatemala,GTM,2006,6.5,9.141973,24.57335,Americas
Guatemala,GTM,2007,7.3,9.640011,34.56902,Americas
Guatemala,GTM,2008,8.3,9.921935,39.14498,Americas
Guatemala,GTM,2009,9.3,10.066008,39.35924,Americas
Guatemala,GTM,2010,10.5,10.46881,25.28604,Americas
Guatemala,GTM,2011,12.3,10.805719,25.2655,Americas
Guatemala,GTM,2012,16.0,10.412385,27.51046,Americas
Guatemala,GTM,2013,19.7,11.1281395,17.78271,Americas
Guatemala,GTM,2014,23.4,11.313834,20.79155,Americas
Guatemala,GTM,2015,28.8059,11.321547,22.74408,Americas
Guatemala,GTM,2016,34.5093,11.399208,22.71149,Americas
Guatemala,GTM,2017,37.9,11.924084,14.49246,Americas
Guatemala,GTM,2018,41.5,12.006821,13.28356,Americas
Guatemala,GTM,2019,44.401,11.980206,14.95967,Americas
Guatemala,GTM,2020,47.5123,12.560625,17.2968,Americas
Guatemala,GTM,2021,50.8416,13.51357,14.52588,Americas
Hong Kong,HKG,1998,14.5459795,39.629986,1053.7137,Asia
Hong Kong,HKG,1999,21.230682,39.854702,1205.5504,Asia
Hong Kong,HKG,2000,27.8278,42.687355,1160.0508,Asia
Hong Kong,HKG,2001,38.6714,44.916466,1355.8993,Asia
Hong Kong,HKG,2002,43.0824,47.626526,1564.3458,Asia
Hong Kong,HKG,2003,52.2,49.682228,1972.7002,Asia
Hong Kong,HKG,2004,56.3999,55.249252,2122.3335,Asia
Hong Kong,HKG,2005,56.9,57.907486,2612.0205,Asia
Hong Kong,HKG,2006,60.8,53.306545,2649.4358,Asia
Hong Kong,HKG,2007,64.8,54.959324,2815.1582,Asia
Hong Kong,HKG,2008,66.7,54.3283,2636.8154,Asia
Hong Kong,HKG,2009,69.4,49.659878,2737.3906,Asia
Hong Kong,HKG,2010,72.0,52.75171,3062.544,Asia
Hong Kong,HKG,2011,72.2,55.867092,3036.8328,Asia
Hong Kong,HKG,2012,72.9,57.139427,3137.5667,Asia
Hong Kong,HKG,2013,74.2,63.139885,3309.7048,Asia
Hong Kong,HKG,2014,79.8663,54.635815,3512.8052,Asia
Hong Kong,HKG,2015,84.9484,47.188232,3487.8965,Asia
Hong Kong,HKG,2016,87.4794,47.74261,3668.2573,Asia
Hong Kong,HKG,2017,89.4159,46.566875,3720.2246,Asia
Hong Kong,HKG,2018,90.5074,50.459385,3978.1716,Asia
Hong Kong,HKG,2019,91.7434,50.8363,4240.388,Asia
Hong Kong,HKG,2020,92.4131,50.867935,4355.7974,Asia
Hong Kong,HKG,2021,93.0872,52.480186,4591.7334,Asia
Hong Kong,HKG,2022,95.6136,50.732952,4815.2007,Asia
Hungary,HUN,1996,0.96923953,23.304245,1009.14594,Europe
Hungary,HUN,1997,1.9424499,23.20121,1083.881,Europe
Hungary,HUN,1998,3.8946433,23.526487,1142.6589,Europe
Hungary,HUN,1999,5.8578405,23.798574,1228.7747,Europe
Hungary,HUN,2000,6.99968,25.24496,1411.9982,Europe
Hungary,HUN,2001,14.5286,27.715534,1440.8611,Europe
Hungary,HUN,2002,16.67,29.386816,1473.6954,Europe
Hungary,HUN,2003,21.63,29.400913,1499.6759,Europe
Hungary,HUN,2004,27.74,29.355461,1476.2664,Europe
Hungary,HUN,2005,38.97,32.128788,1575.8483,Europe
Hungary,HUN,2006,47.06,32.090454,1745.0032,Europe
Hungary,HUN,2007,53.3,33.15924,1731.4269,Europe
Hungary,HUN,2008,61.0,35.967438,1845.998,Europe
Hungary,HUN,2009,62.0,36.418587,2004.5022,Europe
Hungary,HUN,2010,65.0,38.153374,2135.6335,Europe
Hungary,HUN,2011,68.02,39.523754,2309.9922,Europe
Hungary,HUN,2012,70.58,38.969757,2400.8943,Europe
Hungary,HUN,2013,72.6439,38.185688,2527.8494,Europe
Hungary,HUN,2014,75.6532,37.01669,2654.7954,Europe
Hungary,HUN,2015,72.8347,36.505177,2569.669,Europe
Hungary,HUN,2016,79.2594,35.142975,2625.942,Europe
Hungary,HUN,2017,76.7505,36.77375,2902.2424,Europe
Hungary,HUN,2018,76.0744,37.588276,3846.4866,Europe
Hungary,HUN,2019,80.3717,40.447044,4021.1528,Europe
Hungary,HUN,2020,84.7712,40.33771,4309.6157,Europe
Hungary,HUN,2021,88.6408,41.586166,4452.487,Europe
Hungary,HUN,2022,89.1428,42.053265,4725.1504,Europe
Iceland,ISL,1996,14.806479,43.589108,3320.883,Europe
Iceland,ISL,1997,27.478868,46.91536,4967.7866,Europe
Iceland,ISL,1998,36.264206,47.922646,5191.0186,Europe
Iceland,ISL,1999,41.294567,50.041344,5720.2847,Europe
Iceland,ISL,2001,49.393,49.140614,6560.188,Europe
Iceland,ISL,2003,83.14,50.936623,6643.655,Europe
Iceland,ISL,2005,87.0,54.402416,7337.7534,Europe
Iceland,ISL,2006,89.51,49.622932,7999.3066,Europe
Iceland,ISL,2007,90.6,50.890667,7175.583,Europe
Iceland,ISL,2008,91.0,58.005207,7313.2017,Europe
Iceland,ISL,2009,93.0,65.126686,7841.179,Europe
Iceland,ISL,2011,94.8197,62.350258,7088.8213,Europe
Iceland,ISL,2013,96.5468,61.567177,5739.722,Europe
Iceland,ISL,2017,98.2552,59.62731,5979.727,Europe
Iceland,ISL,2018,99.011,60.940754,5645.6655,Europe
Iceland,ISL,2021,99.687,71.41531,6941.3013,Europe
Iceland,ISL,2022,99.8565,73.57853,6863.5474,Europe
India,IND,1996,0.046333976,2.0815794,153.94902,Asia
India,IND,1998,0.13902733,2.3077326,116.49341,Asia
India,IND,2000,0.527532,2.491568,110.62568,Asia
India,IND,2005,2.38807,3.3555307,135.14648,Asia
India,IND,2010,7.5,5.305764,156.1906,Asia
India,IND,2015,14.9,6.5521812,214.34935,Asia
India,IND,2018,20.0813,7.784932,250.00793,Asia
India,IND,2020,43.4054,7.2434587,259.26324,Asia
Indonesia,IDN,2000,0.925564,4.8264203,209.65817,Asia
Indonesia,IDN,2001,2.01861,4.826264,196.3356,Asia
Indonesia,IDN,2009,6.92,8.514496,88.33347,Asia
Indonesia,IDN,2016,25.4474,12.23478,177.73495,Asia
Indonesia,IDN,2017,32.3358,12.392845,214.08281,Asia
Indonesia,IDN,2018,39.9046,13.0068,215.18755,Asia
Indonesia,IDN,2019,47.6906,13.153089,387.17062,Asia
Indonesia,IDN,2020,53.7265,12.948369,395.34167,Asia
Iran,IRN,2006,8.76,23.266853,695.9382,Asia
Iran,IRN,2008,12.02,27.289228,723.0931,Asia
Iran,IRN,2009,13.8,28.960026,687.7727,Asia
Iran,IRN,2010,15.9,32.13408,712.4395,Asia
Iran,IRN,2012,22.73,29.662748,667.6932,Asia
Iran,IRN,2013,29.95,28.077633,650.49976,Asia
Iran,IRN,2015,45.335,22.784134,789.4624,Asia
Iran,IRN,2017,64.044,23.74372,1409.1467,Asia
Iran,IRN,2019,72.4509,21.21639,1588.4272,Asia
Iran,IRN,2021,78.5957,21.41469,2239.74,Asia
Iraq,IRQ,2007,0.93,19.927105,370.8675,Asia
Iraq,IRQ,2008,1.0,24.020754,391.66135,Asia
Iraq,IRQ,2009,1.06,27.142397,407.43143,Asia
Iraq,IRQ,2010,2.5,31.66424,420.64716,Asia
Iraq,IRQ,2011,5.0,37.468876,429.8312,Asia
Iraq,IRQ,2014,11.6453,36.486603,66.44057,Asia
Iraq,IRQ,2015,15.2,26.025658,63.15466,Asia
Iraq,IRQ,2016,19.9,24.822353,62.30752,Asia
Iraq,IRQ,2017,49.36,30.271027,102.2908,Asia
Iraq,IRQ,2018,33.9,34.8939,107.3521,Asia
Iraq,IRQ,2019,44.3263,36.41617,118.26846,Asia
Iraq,IRQ,2020,53.6778,35.37982,136.59962,Asia
Iraq,IRQ,2021,65.0022,38.306454,164.28484,Asia
Ireland,IRL,1996,2.1993017,37.886673,1771.6011,Europe
Ireland,IRL,1997,4.088255,42.07974,1929.2303,Europe
Ireland,IRL,1998,8.09601,45.198975,2091.1104,Europe
Ireland,IRL,1999,10.933808,46.726902,2111.4878,Europe
Ireland,IRL,2000,17.8505,50.50551,2255.6968,Europe
Ireland,IRL,2001,23.1388,53.470085,2336.6511,Europe
Ireland,IRL,2002,25.85,60.14677,2406.4954,Europe
Ireland,IRL,2003,34.31,65.24012,2534.612,Europe
Ireland,IRL,2004,36.99,67.148125,2735.3318,Europe
Ireland,IRL,2005,41.61,70.06352,2821.265,Europe
Ireland,IRL,2006,54.82,69.027405,2895.6511,Europe
Ireland,IRL,2007,61.1583,74.354904,2929.0889,Europe
Ireland,IRL,2008,65.34,72.957794,3256.6692,Europe
Ireland,IRL,2009,67.38,79.79625,3139.8657,Europe
Ireland,IRL,2010,69.85,84.470085,3116.6174,Europe
Ireland,IRL,2011,74.89,89.170395,3341.4019,Europe
Ireland,IRL,2012,76.92,90.79626,4873.6636,Europe
Ireland,IRL,2013,78.2477,87.89277,5141.738,Europe
Ireland,IRL,2014,83.4917,92.794266,5290.9507,Europe
Ireland,IRL,2015,83.4948,119.2469,5242.0664,Europe
Ireland,IRL,2016,83.5,119.92915,5143.8555,Europe
Ireland,IRL,2017,84.114,125.92481,5114.1943,Europe
Ireland,IRL,2018,87.0001,126.580215,4656.777,Europe
Ireland,IRL,2019,87.0001,141.34389,4961.439,Europe
Ireland,IRL,2020,91.9999,165.04803,5196.1104,Europe
Ireland,IRL,2021,94.456,173.66817,5213.4316,Europe
Ireland,IRL,2022,95.5905,175.47858,5511.658,Europe
Italy,ITA,1996,1.0232899,49.492958,1337.6136,Europe
Italy,ITA,1997,2.276738,51.241856,1148.9607,Europe
Italy,ITA,1998,4.5585194,52.790176,1142.5193,Europe
Italy,ITA,1999,14.37841,53.541145,1137.5056,Europe
Italy,ITA,2000,23.1109,54.765713,1154.702,Europe
Italy,ITA,2001,27.2221,55.51546,1164.256,Europe
Italy,ITA,2002,28.04,53.204258,1242.8822,Europe
Italy,ITA,2003,29.04,52.36671,1222.7184,Europe
Italy,ITA,2004,33.24,52.286514,1242.4846,Europe
Italy,ITA,2005,35.0,53.438343,1412.594,Europe
Italy,ITA,2006,37.99,54.01589,1507.904,Europe
Italy,ITA,2007,40.79,56.36849,1579.8928,Europe
Italy,ITA,2008,44.53,57.795113,1613.5142,Europe
Italy,ITA,2009,48.83,57.79575,1703.8469,Europe
Italy,ITA,2010,53.68,58.415897,1722.6681,Europe
Italy,ITA,2011,54.39,60.869076,1760.6448,Europe
Italy,ITA,2012,55.83,60.95377,1831.3428,Europe
Italy,ITA,2013,58.4593,60.57737,1916.3037,Europe
Italy,ITA,2014,55.6385,60.517704,1947.3444,Europe
Italy,ITA,2015,58.1417,60.275845,2075.8083,Europe
Italy,ITA,2016,61.3243,62.454334,2209.5925,Europe
Italy,ITA,2017,63.0773,63.58544,2322.4238,Europe
Italy,ITA,2018,74.3872,62.97492,2524.3127,Europe
Italy,ITA,2019,67.8507,65.8622,2670.6536,Europe
Italy,ITA,2020,70.4834,68.21557,2614.682,Europe
Italy,ITA,2021,74.8623,68.10817,2658.895,Europe
Italy,ITA,2022,85.0607,68.23803,2795.5342,Europe
Japan,JPN,1996,4.372982,42.296825,4906.387,Asia
Japan,JPN,1997,9.163077,42.642437,4959.0327,Asia
Japan,JPN,1998,13.414041,42.90856,5164.501,Asia
Japan,JPN,1999,21.39129,43.710182,5201.0337,Asia
Japan,JPN,2000,29.9907,45.020416,5102.413,Asia
Japan,JPN,2001,38.5321,45.43232,5136.2065,Asia
Japan,JPN,2002,46.5942,46.569473,4891.169,Asia
Japan,JPN,2003,48.4353,47.31541,5113.0254,Asia
Japan,JPN,2004,62.3939,48.13347,5117.278,Asia
Japan,JPN,2005,66.9211,49.435562,5322.4746,Asia
Japan,JPN,2006,68.6853,49.527164,5352.831,Asia
Japan,JPN,2007,74.3,50.43969,5344.2383,Asia
Japan,JPN,2008,75.4,50.23082,5125.1216,Asia
Japan,JPN,2009,78.0,49.356903,5114.0117,Asia
Japan,JPN,2010,78.21,51.380127,5117.1816,Asia
Japan,JPN,2011,79.0541,51.01339,5123.3325,Asia
Japan,JPN,2012,79.4964,50.722515,5048.634,Asia
Japan,JPN,2013,88.2194,50.891685,5166.834,Asia
Japan,JPN,2014,89.1068,49.72513,5351.532,Asia
Japan,JPN,2015,91.058,51.098133,5198.4893,Asia
Japan,JPN,2016,93.1827,50.0244,5232.709,Asia
Japan,JPN,2017,91.7265,49.2588,5319.8345,Asia
Japan,JPN,2018,88.7464,48.393433,5339.517,Asia
Japan,JPN,2019,92.7304,48.807823,5376.1196,Asia
Japan,JPN,2020,90.2195,48.21869,5450.443,Asia
Japan,JPN,2021,82.9141,48.555424,5589.767,Asia
Japan,JPN,2022,84.9234,48.202896,5629.796,Asia
Jordan,JOR,2015,54.22,20.072813,254.19597,Asia
Jordan,JOR,2016,56.15,18.624786,572.417,Asia
Jordan,JOR,2017,64.5,19.599241,576.0093,Asia
Kazakhstan,KAZ,2007,4.02,18.915222,394.65662,Asia
Kazakhstan,KAZ,2008,11.0,21.434372,365.5206,Asia
Kazakhstan,KAZ,2009,18.2,20.287937,338.66776,Asia
Kazakhstan,KAZ,2010,31.6,23.497858,360.06018,Asia
Kazakhstan,KAZ,2011,50.6,28.283356,375.48737,Asia
Kazakhstan,KAZ,2012,61.9066,28.997568,596.7981,Asia
Kazakhstan,KAZ,2013,63.3042,30.454824,720.18536,Asia
Kazakhstan,KAZ,2014,66.0,30.431162,781.4339,Asia
Kazakhstan,KAZ,2015,70.8299,28.705862,760.8472,Asia
Kazakhstan,KAZ,2016,74.5877,28.926252,678.87213,Asia
Kazakhstan,KAZ,2017,76.4267,30.83024,650.7712,Asia
Kazakhstan,KAZ,2018,78.9039,30.004585,650.01154,Asia
Kazakhstan,KAZ,2019,81.8776,34.4494,619.64886,Asia
Kazakhstan,KAZ,2020,85.9426,36.95479,668.82874,Asia
Kazakhstan,KAZ,2021,90.924,35.812603,609.97284,Asia
Kazakhstan,KAZ,2022,92.2969,35.64295,661.6946,Asia
Kazakhstan,KAZ,2023,92.8785,37.569973,693.05804,Asia
Kenya,KEN,2007,4.4,3.2216182,56.1911,Africa
Kenya,KEN,2010,7.2,3.9132981,226.90022,Africa
Kenya,KEN,2022,40.8137,7.5669017,168.60477,Africa
Kuwait,KWT,2005,25.9261,73.79275,176.11884,Asia
Kuwait,KWT,2006,28.7912,79.99835,170.93793,Asia
Kuwait,KWT,2007,34.8,76.15396,193.74141,Asia
Kuwait,KWT,2008,42.0,88.30951,156.22964,Asia
Kuwait,KWT,2009,50.8,62.26877,147.61475,Asia
Kuwait,KWT,2010,61.4,65.496895,141.92741,Asia
Kuwait,KWT,2011,65.7691,78.189896,136.13419,Asia
Kuwait,KWT,2012,70.45,82.62019,135.2205,Asia
Kuwait,KWT,2014,78.7,68.34523,637.9615,Asia
Kuwait,KWT,2015,82.0,43.624123,405.49844,Asia
Kuwait,KWT,2016,85.6,41.381035,481.99316,Asia
Kuwait,KWT,2017,98.0,43.14085,498.31296,Asia
Kuwait,KWT,2018,99.5988,46.236053,502.9817,Asia
Kuwait,KWT,2019,99.5427,45.809654,175.34012,Asia
Kuwait,KWT,2020,99.1059,48.220043,165.97952,Asia
Kuwait,KWT,2022,99.8436,43.3374,176.25862,Asia
Kuwait,KWT,2023,99.7473,37.383858,159.38516,Asia
Latvia,LVA,1996,0.8127171,14.981981,1149.2117,Europe
Latvia,LVA,1997,2.0534546,15.059661,1067.3004,Europe
Latvia,LVA,1998,3.3152678,16.234789,1056.1577,Europe
Latvia,LVA,1999,4.387409,17.322245,1094.4503,Europe
Latvia,LVA,2000,6.31906,18.661888,1600.9967,Europe
Latvia,LVA,2001,7.21935,19.513866,1485.33,Europe
Latvia,LVA,2002,21.94,20.475597,1486.0632,Europe
Latvia,LVA,2003,26.98,20.522976,1392.3308,Europe
Latvia,LVA,2004,38.58,21.492228,1459.4893,Europe
Latvia,LVA,2005,46.0,22.736782,1458.1229,Europe
Latvia,LVA,2006,53.63,23.280346,1765.581,Europe
Latvia,LVA,2007,59.17,24.708496,1881.5608,Europe
Latvia,LVA,2008,63.41,26.198425,1993.4167,Europe
Latvia,LVA,2009,66.84,28.059578,1673.9036,Europe
Latvia,LVA,2010,68.42,30.8719,1836.9751,Europe
Latvia,LVA,2011,69.75,32.149395,1902.3667,Europe
Latvia,LVA,2012,73.1199,33.910015,1908.954,Europe
Latvia,LVA,2013,75.2344,32.79807,1790.8593,Europe
Latvia,LVA,2014,75.8261,34.407726,1872.2662,Europe
Latvia,LVA,2015,79.2006,35.79208,1818.8262,Europe
Latvia,LVA,2016,79.8421,36.694527,1600.5785,Europe
Latvia,LVA,2017,80.1141,38.950283,1785.24,Europe
Latvia,LVA,2018,83.5772,38.739853,1786.2773,Europe
Latvia,LVA,2019,86.1355,40.054237,1891.2471,Europe
Latvia,LVA,2020,88.898,41.9574,2134.06,Europe
Latvia,LVA,2021,91.1796,43.45259,2395.2734,Europe
Latvia,LVA,2022,91.0301,43.02536,2270.0793,Europe
Lithuania,LTU,1996,0.2774213,17.05228,2084.5667,Europe
Lithuania,LTU,1997,0.97842216,17.992344,2175.003,Europe
Lithuania,LTU,1998,1.9720638,18.499681,2369.253,Europe
Lithuania,LTU,1999,2.9230547,20.292135,2415.6099,Europe
Lithuania,LTU,2000,6.42707,21.022623,2215.1155,Europe
Lithuania,LTU,2001,7.17936,23.666027,2313.8027,Europe
Lithuania,LTU,2002,17.69,23.844006,1830.3964,Europe
Lithuania,LTU,2003,25.91,25.41317,1924.8146,Europe
Lithuania,LTU,2004,31.23,24.645527,2164.4607,Europe
Lithuania,LTU,2005,36.22,26.430372,2276.3984,Europe
Lithuania,LTU,2006,43.9,28.07162,2425.7788,Europe
Lithuania,LTU,2007,49.9,29.371418,2605.27,Europe
Lithuania,LTU,2008,55.22,30.542763,2624.8157,Europe
Lithuania,LTU,2009,59.76,30.091677,2666.32,Europe
Lithuania,LTU,2010,62.12,32.781788,2736.4922,Europe
Lithuania,LTU,2011,63.64,37.597885,2748.031,Europe
Lithuania,LTU,2012,67.23,39.29255,2670.6052,Europe
Lithuania,LTU,2013,68.4529,38.78282,2878.7498,Europe
Lithuania,LTU,2014,72.1335,39.583477,3082.279,Europe
Lithuania,LTU,2015,71.3781,38.616436,2794.9211,Europe
Lithuania,LTU,2016,74.3766,38.02675,2950.3967,Europe
Lithuania,LTU,2017,77.6153,40.97545,3068.3342,Europe
Lithuania,LTU,2018,79.7226,41.829094,3180.955,Europe
Lithuania,LTU,2019,81.5819,45.11943,3445.3052,Europe
Lithuania,LTU,2020,83.0555,47.089924,3643.2454,Europe
Lithuania,LTU,2021,86.9305,50.55754,3946.5107,Europe
Lithuania,LTU,2022,87.7242,48.718098,4153.658,Europe
Luxembourg,LUX,2000,22.8873,79.95352,3800.2073,Europe
Luxembourg,LUX,2003,54.55,68.29043,4345.4995,Europe
Luxembourg,LUX,2004,65.88,65.19919,4461.669,Europe
Luxembourg,LUX,2005,70.0,69.578575,4826.353,Europe
Luxembourg,LUX,2006,72.51,67.867516,4377.1387,Europe
Luxembourg,LUX,2007,78.92,68.847755,4618.9365,Europe
Luxembourg,LUX,2008,82.23,67.947876,4725.3726,Europe
Luxembourg,LUX,2009,87.31,67.370415,4852.2793,Europe
Luxembourg,LUX,2010,90.62,75.18357,5200.1387,Europe
Luxembourg,LUX,2011,90.0299,66.83374,5525.728,Europe
Luxembourg,LUX,2012,91.9499,71.18669,4401.9814,Europe
Luxembourg,LUX,2013,93.7765,68.91924,4661.602,Europe
Luxembourg,LUX,2014,94.6702,76.93051,4782.9395,Europe
Luxembourg,LUX,2015,96.3767,84.744995,4636.3804,Europe
Luxembourg,LUX,2016,98.1367,86.03003,4802.1787,Europe
Luxembourg,LUX,2017,97.363,90.22695,4969.23,Europe
Luxembourg,LUX,2018,97.0613,83.28531,4754.922,Europe
Luxembourg,LUX,2019,97.1206,89.14583,5090.8154,Europe
Luxembourg,LUX,2020,98.4596,88.38975,4688.8047,Europe
Luxembourg,LUX,2021,98.6609,91.46417,4939.0864,Europe
Luxembourg,LUX,2022,98.242,87.30043,4879.2427,Europe
Madagascar,MDG,2005,0.567722,1.8780626,46.56194,Africa
Madagascar,MDG,2006,0.607552,1.9198712,46.24168,Africa
Madagascar,MDG,2007,0.65,1.932734,46.80207,Africa
Madagascar,MDG,2008,1.65,2.099546,45.1091,Africa
Madagascar,MDG,2009,1.63,2.0235825,43.80387,Africa
Madagascar,MDG,2010,1.7,2.1621568,50.26629,Africa
Madagascar,MDG,2011,1.9,2.2336211,49.14874,Africa
Madagascar,MDG,2016,4.71366,1.9594918,23.87432,Africa
Madagascar,MDG,2017,6.4,1.8739384,29.61421,Africa
Madagascar,MDG,2018,8.7,1.7739499,32.94427,Africa
Malawi,MWI,2007,0.965865,2.6307356,30.31564,Africa
Malawi,MWI,2010,2.26,2.2395904,50.11331,Africa
Malaysia,MYS,1996,0.85204446,16.570148,91.99322,Asia
Malaysia,MYS,1998,6.7517705,14.470333,157.86504,Asia
Malaysia,MYS,2000,21.3847,16.220388,282.98355,Asia
Malaysia,MYS,2002,32.3382,16.217607,300.5608,Asia
Malaysia,MYS,2004,42.2523,18.222843,507.4281,Asia
Malaysia,MYS,2006,51.638,20.276554,371.05002,Asia
Malaysia,MYS,2008,55.8,24.968641,598.9722,Asia
Malaysia,MYS,2009,55.9,22.963558,1063.0353,Asia
Malaysia,MYS,2010,56.3,23.306805,1452.7336,Asia
Malaysia,MYS,2011,61.0,24.118914,1633.8556,Asia
Malaysia,MYS,2012,65.8,25.983847,1769.9075,Asia
Malaysia,MYS,2014,63.6654,25.380049,2015.9728,Asia
Malaysia,MYS,2015,71.0641,24.520937,2256.6023,Asia
Malaysia,MYS,2016,78.7883,25.20791,2334.0798,Asia
Malaysia,MYS,2018,81.201,27.85291,2110.443,Asia
Malaysia,MYS,2020,89.555,28.710722,711.5104,Asia
Mali,MLI,2006,0.729627,2.6783137,37.28082,Africa
Mali,MLI,2010,2.0,3.432474,28.21129,Africa
Mali,MLI,2015,10.33,3.002826,29.38677,Africa
Mali,MLI,2017,18.9,3.6448176,31.19803,Africa
Mali,MLI,2019,22.3111,3.9627812,55.22467,Africa
Mali,MLI,2021,30.4642,3.4918067,28.66941,Africa
Malta,MLT,2002,28.92,32.989243,672.9209,Europe
Malta,MLT,2003,31.64,33.278355,678.26434,Europe
Malta,MLT,2004,34.62,32.916885,1064.6299,Europe
Malta,MLT,2005,41.24,35.444523,1162.4436,Europe
Malta,MLT,2006,40.41,33.772118,1256.7057,Europe
Malta,MLT,2007,46.9,34.087177,1181.7463,Europe
Malta,MLT,2008,50.08,34.640186,1294.0726,Europe
Malta,MLT,2009,58.86,35.942146,1176.5322,Europe
Malta,MLT,2010,63.0,37.80733,1391.9485,Europe
Malta,MLT,2011,68.0198,37.80428,1761.137,Europe
Malta,MLT,2012,68.1999,39.8235,1968.675,Europe
Malta,MLT,2013,68.9138,37.110252,1880.4642,Europe
Malta,MLT,2014,73.1141,36.77276,1835.3282,Europe
Malta,MLT,2015,75.96,42.911243,1865.2557,Europe
Malta,MLT,2016,78.0751,39.722054,1989.5946,Europe
Malta,MLT,2017,81.0119,43.162395,2027.4015,Europe
Malta,MLT,2018,81.658,42.655525,1904.9221,Europe
Malta,MLT,2019,85.7786,42.67168,1902.7163,Europe
Malta,MLT,2020,86.8588,43.025375,1964.9153,Europe
Malta,MLT,2021,87.4698,48.129368,2157.5552,Europe
Malta,MLT,2022,91.5406,44.9874,2427.5623,Europe
Mauritius,MUS,2012,35.42,26.562243,176.93358,Africa
Mauritius,MUS,2018,58.5962,29.84823,465.4988,Africa
Mauritius,MUS,2019,61.73,28.885317,543.5565,Africa
Mauritius,MUS,2020,67.7329,28.954803,558.1924,Africa
Mauritius,MUS,2021,71.6,30.002909,564.33636,Africa
Mauritius,MUS,2022,75.5,30.22822,578.6005,Africa
Mexico,MEX,1996,0.20040628,24.404797,217.03384,Americas
Mexico,MEX,1997,0.6273115,25.314209,229.69194,Americas
Mexico,MEX,1998,1.2657833,25.954008,219.74652,Americas
Mexico,MEX,1999,1.8574362,25.005701,227.07751,Americas
Mexico,MEX,2000,5.08138,26.073776,227.09052,Americas
Mexico,MEX,2001,7.03802,26.069979,235.3859,Americas
Mexico,MEX,2002,11.9,26.034855,308.76297,Americas
Mexico,MEX,2003,12.9,25.993427,328.1343,Americas
Mexico,MEX,2004,14.1,26.047571,383.1111,Americas
Mexico,MEX,2005,17.21,27.390198,417.90546,Americas
Mexico,MEX,2006,19.52,28.013113,340.43454,Americas
Mexico,MEX,2007,20.81,28.461563,351.25363,Americas
Mexico,MEX,2008,21.71,28.430962,343.5333,Americas
Mexico,MEX,2009,26.34,27.328846,386.49817,Americas
Mexico,MEX,2010,31.05,29.012064,341.23898,Americas
Mexico,MEX,2011,37.1763,31.397432,348.02664,Americas
Mexico,MEX,2012,39.75,32.14362,250.69334,Americas
Mexico,MEX,2013,43.46,31.198391,254.46545,Americas
Mexico,MEX,2014,44.3857,31.423548,262.9206,Americas
Mexico,MEX,2015,57.431,30.936192,284.58115,Americas
Mexico,MEX,2016,59.5404,31.305912,319.5511,Americas
Mexico,MEX,2017,53.0318,31.016174,273.5687,Americas
Mexico,MEX,2018,56.6596,30.216253,278.4362,Americas
Mexico,MEX,2019,69.6321,28.918913,282.18884,Americas
Mexico,MEX,2020,71.4902,29.373611,281.59286,Americas
Mexico,MEX,2021,75.6265,28.645594,273.14813,Americas
Mexico,MEX,2022,78.6322,27.15859,273.66785,Americas
Mexico,MEX,2023,81.1832,26.803362,272.31857,Americas
Moldova,MDA,2005,14.6303,6.8527308,717.4131,Europe
Moldova,MDA,2006,19.6206,7.8099375,698.3411,Europe
Moldova,MDA,2007,20.45,8.247938,723.7979,Europe
Moldova,MDA,2008,23.39,8.860954,820.947,Europe
Moldova,MDA,2009,27.5,9.066445,801.9595,Europe
Moldova,MDA,2010,29.68,10.221066,760.1661,Europe
Moldova,MDA,2011,32.07,11.586481,777.1533,Europe
Moldova,MDA,2012,34.65,13.329729,768.6384,Europe
Moldova,MDA,2013,37.44,14.020249,736.90186,Europe
Moldova,MDA,2014,67.0,14.688044,925.31213,Europe
Moldova,MDA,2015,69.0,15.643499,946.483,Europe
Moldova,MDA,2016,71.0,17.882277,912.00964,Europe
Moldova,MDA,2017,49.9,20.148935,923.49384,Europe
Moldova,MDA,2018,50.3,19.875763,903.41785,Europe
Moldova,MDA,2019,57.7605,21.638363,823.5336,Europe
Moldova,MDA,2020,58.2153,22.336023,774.6792,Europe
Moldova,MDA,2021,60.4747,22.605974,781.2417,Europe
Moldova,MDA,2022,63.5349,21.337393,768.0222,Europe
Morocco,MAR,2006,19.7712,7.7937884,653.41077,Africa
Morocco,MAR,2007,21.5,8.073293,644.4867,Africa
Morocco,MAR,2008,33.1,9.108657,659.40796,Africa
Morocco,MAR,2010,52.0,10.60928,721.9866,Africa
Morocco,MAR,2011,46.1075,11.925246,847.79095,Africa
Morocco,MAR,2012,55.4161,12.372047,853.0081,Africa
Morocco,MAR,2014,56.7746,11.73531,1030.1437,Africa
Morocco,MAR,2016,58.2712,13.098397,1083.4255,Africa
Mozambique,MOZ,2006,0.842954,2.553476,16.40562,Africa
Mozambique,MOZ,2008,1.56,2.5859814,20.60081,Africa
Mozambique,MOZ,2009,2.68,2.5718644,12.3366,Africa
Mozambique,MOZ,2010,4.17,2.5827277,40.21198,Africa
Mozambique,MOZ,2015,6.5,2.8142667,44.41136,Africa
Myanmar,MMR,1999,0.000151709,1.1610945,11.45303,Asia
Myanmar,MMR,2001,0.000289277,1.2355136,12.60543,Asia
Myanmar,MMR,2002,0.000426494,1.2925141,18.19315,Asia
Myanmar,MMR,2017,23.6211,5.0162396,30.01847,Asia
Myanmar,MMR,2018,33.7204,6.2458467,34.1151,Asia
Myanmar,MMR,2019,48.1377,6.591502,30.40636,Asia
Myanmar,MMR,2020,41.954292,6.5433564,32.80625,Asia
Myanmar,MMR,2021,44.021675,9.998857,19.11376,Asia
Namibia,NAM,2014,14.84,17.553862,148.91896,Africa
Namibia,NAM,2022,62.215,15.990142,224.81068,Africa
Netherlands,NLD,1996,9.649069,53.18622,2277.6277,Europe
Netherlands,NLD,1997,14.065512,55.686497,2427.1135,Europe
Netherlands,NLD,1998,22.243828,56.420544,2478.3513,Europe
Netherlands,NLD,1999,39.176006,58.93791,2631.5583,Europe
Netherlands,NLD,2000,43.9844,64.15681,2637.9321,Europe
Netherlands,NLD,2001,49.3731,64.725914,2828.2983,Europe
Netherlands,NLD,2002,61.29,66.04698,2701.1643,Europe
Netherlands,NLD,2003,64.35,66.09687,2681.9758,Europe
Netherlands,NLD,2004,68.52,67.085365,2951.2124,Europe
Netherlands,NLD,2005,81.0,74.41985,2908.9846,Europe
Netherlands,NLD,2006,83.7,74.940025,3224.9246,Europe
Netherlands,NLD,2007,85.82,78.380264,3093.1082,Europe
Netherlands,NLD,2008,87.42,80.50815,3063.9617,Europe
Netherlands,NLD,2009,89.63,75.74544,2822.2498,Europe
Netherlands,NLD,2010,90.72,75.864944,3210.0203,Europe
Netherlands,NLD,2011,91.42,77.60005,3648.1338,Europe
Netherlands,NLD,2012,92.86,80.06575,4336.1465,Europe
Netherlands,NLD,2013,93.9564,84.159065,4887.3906,Europe
Netherlands,NLD,2014,91.6667,80.099396,4926.093,Europe
Netherlands,NLD,2015,91.7241,78.839066,4891.7812,Europe
Netherlands,NLD,2016,90.411,77.276436,5109.205,Europe
Netherlands,NLD,2017,93.1973,79.27648,5273.1763,Europe
Netherlands,NLD,2018,91.8919,78.56831,5496.7905,Europe
Netherlands,NLD,2019,93.2886,80.06904,5592.1216,Europe
Netherlands,NLD,2020,91.3333,82.76507,5799.2754,Europe
Netherlands,NLD,2021,92.053,85.03012,6003.866,Europe
Netherlands,NLD,2022,92.5197,85.899765,6319.1753,Europe
New Zealand,NZL,1997,14.601524,37.096104,2200.1355,Oceania
New Zealand,NZL,1999,41.494484,39.503624,2292.2332,Oceania
New Zealand,NZL,2001,53.241,40.284393,2669.4631,Oceania
New Zealand,NZL,2003,60.9625,40.570053,3100.173,Oceania
New Zealand,NZL,2005,62.7202,39.871586,3159.2341,Oceania
New Zealand,NZL,2007,69.76,42.53505,3472.5881,Oceania
New Zealand,NZL,2009,79.7,44.897064,3760.3872,Oceania
New Zealand,NZL,2011,81.23,47.96772,3731.3374,Oceania
New Zealand,NZL,2013,82.78,48.368034,4043.9558,Oceania
New Zealand,NZL,2015,85.2,47.73539,5476.904,Oceania
New Zealand,NZL,2017,87.7,48.96968,5035.5586,Oceania
New Zealand,NZL,2019,89.8637,49.53717,5665.383,Oceania
New Zealand,NZL,2021,95.7321,51.104523,5094.7617,Oceania
Niger,NER,2005,0.221341,1.37118,7.47846,Africa
Niger,NER,2013,1.15,1.5923302,26.93895,Africa
Nigeria,NGA,2007,6.77,7.326747,37.55812,Africa
Nigeria,NGA,2019,29.7,8.120003,22.12011,Africa
North Macedonia,MKD,2005,26.45,16.79049,532.93854,Europe
North Macedonia,MKD,2006,28.62,16.676697,507.84433,Europe
North Macedonia,MKD,2007,36.3,17.376652,497.29935,Europe
North Macedonia,MKD,2008,46.04,17.886063,466.13086,Europe
North Macedonia,MKD,2009,51.77,18.31619,432.44595,Europe
North Macedonia,MKD,2010,51.9,18.952724,535.8917,Europe
North Macedonia,MKD,2011,56.7,19.309101,450.8086,Europe
North Macedonia,MKD,2012,57.4499,19.837013,623.86926,Europe
North Macedonia,MKD,2013,65.24,18.368652,693.84906,Europe
North Macedonia,MKD,2014,68.0585,19.063683,867.5201,Europe
North Macedonia,MKD,2015,70.3802,19.550163,897.16345,Europe
North Macedonia,MKD,2016,72.1568,20.43577,901.844,Europe
North Macedonia,MKD,2017,74.5168,19.862648,778.1731,Europe
North Macedonia,MKD,2018,79.1678,21.11118,862.453,Europe
North Macedonia,MKD,2019,81.4129,22.610058,858.7542,Europe
North Macedonia,MKD,2020,81.4055,25.94999,868.87805,Europe
North Macedonia,MKD,2021,83.0182,25.016329,843.87244,Europe
North Macedonia,MKD,2022,84.2304,27.380909,730.898,Europe
Norway,NOR,1997,20.417881,67.88356,3981.7617,Europe
Norway,NOR,1999,40.0,69.646164,4115.693,Europe
Norway,NOR,2001,64.0,89.87476,4371.199,Europe
Norway,NOR,2003,78.13,96.69387,4513.7417,Europe
Norway,NOR,2004,77.69,101.531715,4514.097,Europe
Norway,NOR,2005,81.99,121.69694,4602.5557,Europe
Norway,NOR,2006,82.55,127.66553,4866.2446,Europe
Norway,NOR,2007,86.93,124.69369,5202.0728,Europe
Norway,NOR,2008,90.57,136.97458,5399.5312,Europe
Norway,NOR,2009,92.08,117.941505,5474.5405,Europe
Norway,NOR,2010,93.39,127.650276,5444.6978,Europe
Norway,NOR,2011,93.49,138.58154,5533.918,Europe
Norway,NOR,2012,94.65,144.20383,5584.134,Europe
Norway,NOR,2013,95.0534,140.1491,5605.025,Europe
Norway,NOR,2014,96.3005,130.8378,5722.5713,Europe
Norway,NOR,2015,96.8103,109.79524,5929.8574,Europe
Norway,NOR,2016,97.2982,105.36408,6120.849,Europe
Norway,NOR,2017,96.3576,109.77859,6396.1694,Europe
Norway,NOR,2018,96.4917,118.73758,6484.2363,Europe
Norway,NOR,2019,98.0,119.48063,6737.553,Europe
Norway,NOR,2020,94.6076,121.38384,6766.014,Europe
Norway,NOR,2021,99.0,131.25018,7228.7217,Europe
Norway,NOR,2022,99.0,136.87608,7394.7915,Europe
Oman,OMN,2011,48.0,65.66861,172.68707,Asia
Oman,OMN,2012,60.0,50.056473,180.02625,Asia
Oman,OMN,2013,66.45,43.666145,132.90674,Asia
Oman,OMN,2014,70.22,38.273422,182.47684,Asia
Oman,OMN,2015,73.53,30.182404,222.38615,Asia
Oman,OMN,2016,76.8454,26.717115,250.29605,Asia
Oman,OMN,2017,80.1856,25.003212,251.8909,Asia
Oman,OMN,2018,85.5,26.005796,296.18652,Asia
Oman,OMN,2019,90.2594,27.405403,382.86993,Asia
Oman,OMN,2020,95.2323,30.271996,374.1444,Asia
Oman,OMN,2021,95.7747,33.93138,332.10767,Asia
Oman,OMN,2022,97.849,33.114567,383.13403,Asia
Oman,OMN,2023,95.2517,29.440893,655.14935,Asia
Pakistan,PAK,1997,0.027549239,5.3640966,70.9917,Asia
Pakistan,PAK,2005,6.33233,6.626931,73.17722,Asia
Pakistan,PAK,2007,6.8,7.07452,144.82578,Asia
Pakistan,PAK,2009,7.5,7.320781,143.85657,Asia
Pakistan,PAK,2011,8.0,7.55998,130.07654,Asia
Pakistan,PAK,2013,9.0,7.8781085,144.40494,Asia
Pakistan,PAK,2015,11.0,8.195202,257.67288,Asia
Pakistan,PAK,2017,13.78,8.348655,314.96262,Asia
Pakistan,PAK,2019,17.0709,8.802918,362.3767,Asia
Pakistan,PAK,2021,24.9775,8.53623,401.38995,Asia
Paraguay,PRY,2005,7.90701,9.919018,77.36216,Americas
Paraguay,PRY,2008,14.27,11.758552,83.42281,Americas
Paraguay,PRY,2011,24.7635,15.213669,54.89543,Americas
Paraguay,PRY,2012,29.34,15.234311,184.63997,Americas
Paraguay,PRY,2014,43.0074,16.386135,166.70786,Americas
Paraguay,PRY,2015,49.7163,16.187628,199.86552,Americas
Paraguay,PRY,2016,53.4041,16.410866,132.3061,Americas
Paraguay,PRY,2017,61.0758,16.900024,147.43832,Americas
Paraguay,PRY,2018,64.9935,16.705393,152.27557,Americas
Paraguay,PRY,2019,68.5176,17.024054,169.35536,Americas
Paraguay,PRY,2020,73.9575,19.070501,141.19046,Americas
Paraguay,PRY,2021,77.0184,16.99723,142.72905,Americas
Paraguay,PRY,2022,76.2592,16.448185,133.19638,Americas
Philippines,PHL,2002,4.33228,6.5428967,53.17147,Asia
Philippines,PHL,2003,4.85767,6.441856,69.84969,Asia
Philippines,PHL,2005,5.39764,6.525258,79.06465,Asia
Philippines,PHL,2007,5.97,7.053,77.12363,Asia
Philippines,PHL,2009,9.0,7.636603,80.30929,Asia
Philippines,PHL,2011,29.0,8.647334,82.55979,Asia
Philippines,PHL,2013,32.7,9.266263,182.5933,Asia
Philippines,PHL,2015,36.9,10.158972,103.17345,Asia
Philippines,PHL,2018,44.1,11.133027,170.2127,Asia
Poland,POL,1996,1.2952002,19.7247,1367.8676,Europe
Poland,POL,1997,2.0734656,20.77945,1449.6132,Europe
Poland,POL,1998,4.102272,21.415249,1465.2775,Europe
Poland,POL,1999,5.456444,23.209105,1472.9583,Europe
Poland,POL,2000,7.28543,24.517946,1441.9775,Europe
Poland,POL,2001,9.90067,25.234879,1467.7906,Europe
Poland,POL,2002,21.15,26.684952,1483.3439,Europe
Poland,POL,2003,24.87,26.752216,1533.1975,Europe
Poland,POL,2004,32.53,27.474195,1595.83,Europe
Poland,POL,2005,38.81,27.993326,1629.6029,Europe
Poland,POL,2006,44.58,28.055231,1563.4587,Europe
Poland,POL,2007,48.6,29.449707,1614.0013,Europe
Poland,POL,2008,53.13,29.843773,1626.3818,Europe
Poland,POL,2009,58.97,31.879921,1608.4432,Europe
Poland,POL,2010,62.32,34.824844,1697.0281,Europe
Poland,POL,2011,61.95,38.053394,1679.9008,Europe
Poland,POL,2012,62.31,38.8872,1752.079,Europe
Poland,POL,2013,62.8492,38.311916,1868.313,Europe
Poland,POL,2014,66.5987,38.137146,2054.7476,Europe
Poland,POL,2015,67.997,39.3452,2158.3784,Europe
Poland,POL,2016,73.3007,39.786877,2304.0076,Europe
Poland,POL,2017,75.9854,41.354214,2994.8567,Europe
Poland,POL,2018,77.5417,43.29682,3079.4924,Europe
Poland,POL,2019,80.4359,45.805286,3159.066,Europe
Poland,POL,2020,83.1849,44.511456,3260.155,Europe
Poland,POL,2021,85.3749,44.86914,3558.2046,Europe
Poland,POL,2022,86.9411,47.329544,3721.072,Europe
Portugal,PRT,1996,2.9808776,26.047388,1255.9939,Europe
Portugal,PRT,1997,4.953002,27.460209,1352.4811,Europe
Portugal,PRT,1998,9.870446,27.68536,1450.2247,Europe
Portugal,PRT,1999,14.742338,28.972706,1546.5656,Europe
Portugal,PRT,2000,16.4305,29.971905,1633.8157,Europe
Portugal,PRT,2001,18.0871,30.061684,1717.3018,Europe
Portugal,PRT,2002,19.37,30.289019,1827.5988,Europe
Portugal,PRT,2003,29.67,30.17032,1939.0876,Europe
Portugal,PRT,2004,31.78,29.922253,1975.6442,Europe
Portugal,PRT,2005,34.99,33.0727,2013.3271,Europe
Portugal,PRT,2006,38.01,34.315254,2344.866,Europe
Portugal,PRT,2007,42.09,35.542603,2674.3872,Europe
Portugal,PRT,2008,44.13,35.508617,3827.1655,Europe
Portugal,PRT,2009,48.27,36.603966,3768.6157,Europe
Portugal,PRT,2010,53.3,38.308334,3923.7554,Europe
Portugal,PRT,2011,55.25,39.790176,4166.149,Europe
Portugal,PRT,2012,60.34,41.832973,4032.3357,Europe
Portugal,PRT,2013,62.0956,40.915134,3605.7583,Europe
Portugal,PRT,2014,64.5924,40.281155,3658.3623,Europe
Portugal,PRT,2015,68.6329,40.512615,3724.6,Europe
Portugal,PRT,2016,70.4236,40.772865,3992.1096,Europe
Portugal,PRT,2017,73.7912,40.64904,4348.109,Europe
Portugal,PRT,2018,74.661,39.569237,4614.4004,Europe
Portugal,PRT,2019,75.3464,41.922718,4859.2173,Europe
Portugal,PRT,2020,78.2617,41.910946,5131.44,Europe
Portugal,PRT,2021,82.309,41.55837,5430.9365,Europe
Portugal,PRT,2022,84.4969,42.13265,5686.6543,Europe
Qatar,QAT,2012,69.3,121.55469,647.4387,Asia
Qatar,QAT,2015,92.8848,63.075237,643.914,Asia
Qatar,QAT,2018,99.6528,66.24572,585.61285,Asia
Qatar,QAT,2021,100.0,66.193565,947.77924,Asia
Romania,ROU,1996,0.22162265,10.787337,1340.5488,Europe
Romania,ROU,1997,0.44544467,10.137656,1264.7861,Europe
Romania,ROU,1998,2.2376494,9.837066,1230.4801,Europe
Romania,ROU,1999,2.69758,9.86666,1056.1208,Europe
Romania,ROU,2000,3.61372,10.2608795,926.2375,Europe
Romania,ROU,2001,4.53867,11.408575,897.21216,Europe
Romania,ROU,2002,6.58,12.960631,928.25305,Europe
Romania,ROU,2003,8.9,13.62258,966.7492,Europe
Romania,ROU,2004,15.0,15.029786,988.65985,Europe
Romania,ROU,2005,21.5,15.999725,1077.5564,Europe
Romania,ROU,2006,24.66,18.029823,900.566,Europe
Romania,ROU,2007,28.3,20.477814,897.7436,Europe
Romania,ROU,2008,32.42,23.610512,932.8017,Europe
Romania,ROU,2009,36.6,23.8904,933.3851,Europe
Romania,ROU,2010,39.93,25.387455,964.52527,Europe
Romania,ROU,2011,40.01,27.768871,789.87506,Europe
Romania,ROU,2012,45.88,29.488113,891.5999,Europe
Romania,ROU,2013,49.7645,28.198301,923.69507,Europe
Romania,ROU,2014,54.0783,29.116337,904.75745,Europe
Romania,ROU,2015,55.7632,31.139929,876.4101,Europe
Romania,ROU,2016,59.504,32.30664,910.4485,Europe
Romania,ROU,2017,63.7473,35.085217,887.74695,Europe
Romania,ROU,2018,70.6813,36.148952,876.17126,Europe
Romania,ROU,2019,73.6575,39.57182,887.4661,Europe
Romania,ROU,2020,78.4553,40.15152,942.3205,Europe
Romania,ROU,2021,83.5904,44.092934,988.67694,Europe
Romania,ROU,2022,85.5031,45.789017,998.72546,Europe
Russia,RUS,1996,0.26975292,11.900856,3792.6357,Europe
Russia,RUS,1997,0.47296375,11.551224,3598.5222,Europe
Russia,RUS,1998,0.81274444,10.777695,3333.5466,Europe
Russia,RUS,1999,1.0189846,10.05927,3368.9568,Europe
Russia,RUS,2000,1.97723,11.23249,3446.168,Europe
Russia,RUS,2001,2.94437,11.389455,3452.788,Europe
Russia,RUS,2002,4.12827,11.600646,3375.2444,Europe
Russia,RUS,2003,8.29886,12.562987,3335.9504,Europe
Russia,RUS,2004,12.8594,14.071082,3283.698,Europe
Russia,RUS,2005,15.2267,16.024183,3206.1882,Europe
Russia,RUS,2006,18.0233,18.640549,3218.094,Europe
Russia,RUS,2007,24.66,21.653109,3259.5042,Europe
Russia,RUS,2008,32.0,24.785234,3137.5789,Europe
Russia,RUS,2009,42.55,22.719524,3075.2349,Europe
Russia,RUS,2010,49.0,25.58387,3071.5613,Europe
Russia,RUS,2011,58.0,29.226336,3109.374,Europe
Russia,RUS,2012,66.0,31.432371,3075.2148,Europe
Russia,RUS,2013,67.97,31.004631,3050.2783,Europe
Russia,RUS,2014,70.5176,29.775703,3072.9387,Europe
Russia,RUS,2015,70.0992,27.152182,3096.0273,Europe
Russia,RUS,2016,73.0914,27.161674,2946.9973,Europe
Russia,RUS,2017,76.0081,28.94128,2811.9673,Europe
Russia,RUS,2018,80.8647,30.653677,2772.6367,Europe
Russia,RUS,2019,82.6422,33.838017,2734.6863,Europe
Russia,RUS,2020,84.9947,36.171013,2710.1636,Europe
Russia,RUS,2021,88.2138,37.248257,2662.469,Europe
Russia,RUS,2022,90.418,35.77736,2683.9497,Europe
Rwanda,RWA,2008,4.5,2.6031008,10.72696,Africa
Rwanda,RWA,2009,7.7,2.744022,12.40437,Africa
Rwanda,RWA,2013,9.0,3.1857705,15.33961,Africa
Rwanda,RWA,2016,14.6,3.4496872,13.73163,Africa
Rwanda,RWA,2019,21.358,3.8597088,58.74162,Africa
Saudi Arabia,SAU,2020,97.8623,74.63648,512.05774,Asia
Saudi Arabia,SAU,2021,100.0,63.75229,794.29926,Asia
Saudi Arabia,SAU,2022,100.0,60.54028,958.1887,Asia
Saudi Arabia,SAU,2023,100.0,59.877556,1120.626,Asia
Senegal,SEN,2006,5.61174,4.9953146,264.90036,Africa
Senegal,SEN,2007,6.89,5.084448,281.68286,Africa
Senegal,SEN,2008,7.12,4.926754,380.18698,Africa
Senegal,SEN,2010,8.0,5.197686,374.80286,Africa
Senegal,SEN,2015,21.7,4.897879,572.4213,Africa
Serbia,SRB,2007,33.15,17.893068,1190.3914,Europe
Serbia,SRB,2008,35.6,18.377678,1354.7201,Europe
Serbia,SRB,2009,38.1,19.668768,1423.8623,Europe
Serbia,SRB,2010,40.9,21.687534,1503.4126,Europe
Serbia,SRB,2011,42.2,25.261723,1616.1926,Europe
Serbia,SRB,2012,48.1,25.459534,1635.3712,Europe
Serbia,SRB,2013,53.4504,24.725328,1718.6174,Europe
Serbia,SRB,2014,62.0751,24.290714,1822.7003,Europe
Serbia,SRB,2015,65.317,22.974003,2060.1477,Europe
Serbia,SRB,2016,67.0568,22.306213,2121.8923,Europe
Serbia,SRB,2017,70.3308,22.460443,2067.7327,Europe
Serbia,SRB,2018,73.3607,22.239092,2075.986,Europe
Serbia,SRB,2019,77.4168,23.732199,2087.2764,Europe
Serbia,SRB,2020,78.368,23.550318,2149.8533,Europe
Serbia,SRB,2021,81.1659,24.474129,2206.7083,Europe
Serbia,SRB,2022,83.5383,23.75509,2349.6768,Europe
Serbia,SRB,2023,85.3575,25.35898,2515.3147,Europe
Singapore,SGP,1996,8.349959,24.86027,2532.4263,Asia
Singapore,SGP,1997,13.471621,24.851305,2599.8447,Asia
Singapore,SGP,1998,19.590767,26.54218,2951.8406,Asia
Singapore,SGP,1999,24.155437,27.037836,3195.8174,Asia
Singapore,SGP,2000,36.0,34.375656,4167.6265,Asia
Singapore,SGP,2001,41.6704,32.4894,4103.6343,Asia
Singapore,SGP,2002,47.0,34.863865,4363.38,Asia
Singapore,SGP,2003,53.8379,32.645397,4835.525,Asia
Singapore,SGP,2004,62.0,38.005566,5164.8433,Asia
Singapore,SGP,2005,61.0,49.95682,5650.623,Asia
Singapore,SGP,2006,59.0,52.29154,5785.8076,Asia
Singapore,SGP,2007,69.9,52.86339,6083.9834,Asia
Singapore,SGP,2008,69.0,46.033722,5916.3022,Asia
Singapore,SGP,2009,69.0,44.94008,6219.946,Asia
Singapore,SGP,2010,71.0,53.991367,6368.345,Asia
Singapore,SGP,2011,71.0,57.19284,6578.631,Asia
Singapore,SGP,2012,72.0,55.468098,6514.0996,Asia
Singapore,SGP,2013,80.9021,51.861256,6734.9644,Asia
Singapore,SGP,2014,79.0292,55.571136,6756.2476,Asia
Singapore,SGP,2015,79.013,55.130947,7134.934,Asia
Singapore,SGP,2016,84.4523,56.09941,7052.8564,Asia
Singapore,SGP,2017,84.4523,61.731697,6950.1074,Asia
Singapore,SGP,2018,88.1656,63.092636,7002.457,Asia
Singapore,SGP,2019,88.9493,62.331562,7509.613,Asia
Singapore,SGP,2020,92.0043,62.506012,7503.3267,Asia
Singapore,SGP,2021,96.9247,65.17828,7916.999,Asia
Slovakia,SVK,1996,0.7832901,25.953342,1868.1399,Europe
Slovakia,SVK,1997,1.173381,26.550606,1862.0776,Europe
Slovakia,SVK,1998,2.6898098,25.927938,1888.1539,Europe
Slovakia,SVK,1999,5.437758,25.296597,1711.8564,Europe
Slovakia,SVK,2000,9.4268,26.807442,1850.5131,Europe
Slovakia,SVK,2001,12.5283,28.650381,1781.4631,Europe
Slovakia,SVK,2002,40.14,30.030914,1706.9926,Europe
Slovakia,SVK,2003,43.04,30.30498,1790.4336,Europe
Slovakia,SVK,2004,52.89,30.051167,1993.8306,Europe
Slovakia,SVK,2005,55.19,32.93329,2031.1368,Europe
Slovakia,SVK,2006,56.08,34.04709,2190.1338,Europe
Slovakia,SVK,2007,61.8,36.84477,2297.645,Europe
Slovakia,SVK,2008,66.05,38.95723,2340.9082,Europe
Slovakia,SVK,2009,70.0,38.403236,2469.7368,Europe
Slovakia,SVK,2010,75.71,41.125122,2817.3662,Europe
Slovakia,SVK,2011,74.44,42.248577,2840.9194,Europe
Slovakia,SVK,2012,76.71,42.39388,2827.1487,Europe
Slovakia,SVK,2013,77.8826,41.065636,2723.1501,Europe
Slovakia,SVK,2014,79.9843,42.59173,2723.6711,Europe
Slovakia,SVK,2015,77.6347,41.939953,2658.901,Europe
Slovakia,SVK,2016,80.4759,39.354515,2609.15,Europe
Slovakia,SVK,2017,81.6257,38.903595,2803.0513,Europe
Slovakia,SVK,2018,80.4489,37.56789,3003.3884,Europe
Slovakia,SVK,2019,82.8537,36.973423,3116.8247,Europe
Slovakia,SVK,2020,89.9209,44.776604,3167.4324,Europe
Slovakia,SVK,2021,88.9256,46.015957,3211.131,Europe
Slovakia,SVK,2022,89.0677,43.91862,3387.474,Europe
Slovenia,SVN,1996,5.0722723,31.5837,2257.9019,Europe
Slovenia,SVN,1997,7.591923,33.08505,2025.7301,Europe
Slovenia,SVN,1998,10.104603,32.611103,2160.499,Europe
Slovenia,SVN,1999,12.610938,33.083096,2239.488,Europe
Slovenia,SVN,2000,15.1103,34.1683,2183.726,Europe
Slovenia,SVN,2001,30.1759,34.837284,2262.5356,Europe
Slovenia,SVN,2002,27.8389,34.664124,2331.1135,Europe
Slovenia,SVN,2003,31.8548,35.17949,1895.2516,Europe
Slovenia,SVN,2004,40.81,36.23952,2021.9149,Europe
Slovenia,SVN,2005,46.81,39.61084,2634.4956,Europe
Slovenia,SVN,2006,54.01,39.59458,2928.651,Europe
Slovenia,SVN,2007,56.74,40.267944,3115.139,Europe
Slovenia,SVN,2008,58.0,42.692696,3477.7722,Europe
Slovenia,SVN,2009,64.0,40.12282,3671.259,Europe
Slovenia,SVN,2010,70.0,41.41744,3770.382,Europe
Slovenia,SVN,2011,67.34,44.91155,4287.959,Europe
Slovenia,SVN,2012,68.35,45.260403,4330.6733,Europe
Slovenia,SVN,2013,72.6756,44.254635,4236.5107,Europe
Slovenia,SVN,2014,71.5863,44.316372,4166.8813,Europe
Slovenia,SVN,2015,73.0987,42.856907,3836.54,Europe
Slovenia,SVN,2016,75.4985,44.15917,3939.8335,Europe
Slovenia,SVN,2017,78.8854,45.32373,4510.813,Europe
Slovenia,SVN,2018,79.75,47.096825,4880.49,Europe
Slovenia,SVN,2019,83.1084,49.558193,5060.57,Europe
Slovenia,SVN,2020,86.6013,50.78655,5187.161,Europe
Slovenia,SVN,2021,89.004,51.100243,5235.18,Europe
Slovenia,SVN,2022,88.9125,50.186073,5370.3745,Europe
South Africa,ZAF,2001,6.34662,15.980202,299.48395,Africa
South Africa,ZAF,2003,7.00769,19.33745,292.8076,Africa
South Africa,ZAF,2004,8.42512,19.889915,367.54742,Africa
South Africa,ZAF,2005,7.48854,21.256033,351.38626,Africa
South Africa,ZAF,2006,7.60714,20.623898,373.41245,Africa
South Africa,ZAF,2007,8.06538,21.5135,384.41696,Africa
South Africa,ZAF,2008,8.43,21.455843,381.59247,Africa
South Africa,ZAF,2009,10.0,21.844217,384.84933,Africa
South Africa,ZAF,2010,24.0,23.374456,359.80905,Africa
South Africa,ZAF,2011,33.97,23.090462,381.96713,Africa
South Africa,ZAF,2012,41.0,23.279211,400.95517,Africa
South Africa,ZAF,2013,46.5,22.90383,430.4485,Africa
South Africa,ZAF,2014,49.0,22.885506,427.63837,Africa
South Africa,ZAF,2016,54.0,21.921068,481.99585,Africa
South Africa,ZAF,2017,56.1674,22.143183,516.53674,Africa
South Africa,ZAF,2018,62.4,20.908947,500.7908,Africa
South Africa,ZAF,2019,69.6969,20.568027,479.86557,Africa
South Africa,ZAF,2020,72.1128,21.725138,459.98773,Africa
South Africa,ZAF,2021,74.1534,21.634558,454.79773,Africa
South Africa,ZAF,2022,74.703,20.607685,444.1628,Africa
South Korea,KOR,1996,1.6242372,23.488106,2186.089,Asia
South Korea,KOR,1997,3.6008015,23.126568,2241.8286,Asia
South Korea,KOR,1998,6.7818155,22.512466,2007.8282,Asia
South Korea,KOR,1999,23.552195,24.495907,2161.0183,Asia
South Korea,KOR,2000,44.7,25.21157,2324.0847,Asia
South Korea,KOR,2001,56.6,25.654871,2906.7112,Asia
South Korea,KOR,2002,59.4,27.43286,3007.8171,Asia
South Korea,KOR,2003,65.5,29.00908,3189.9683,Asia
South Korea,KOR,2004,72.7,30.6891,3281.044,Asia
South Korea,KOR,2005,73.5,33.5136,3763.2346,Asia
South Korea,KOR,2006,78.1,34.289143,4173.2456,Asia
South Korea,KOR,2007,78.8,36.378704,4614.7466,Asia
South Korea,KOR,2008,81.0,37.66689,4892.493,Asia
South Korea,KOR,2009,81.6,37.403465,5037.928,Asia
South Korea,KOR,2010,83.7,39.90182,5429.439,Asia
South Korea,KOR,2011,83.7591,39.71319,5908.824,Asia
South Korea,KOR,2012,84.07,39.59322,6393.3438,Asia
South Korea,KOR,2013,84.77,38.416,6457.8887,Asia
South Korea,KOR,2014,87.5568,40.029747,6867.334,Asia
South Korea,KOR,2015,89.8963,41.849457,7020.439,Asia
South Korea,KOR,2016,92.843,43.27548,7057.16,Asia
South Korea,KOR,2017,95.0694,45.420845,7453.219,Asia
South Korea,KOR,2018,96.0229,47.57825,7918.469,Asia
South Korea,KOR,2019,96.1576,49.544704,8328.967,Asia
South Korea,KOR,2020,96.5051,51.984924,8620.009,Asia
South Korea,KOR,2021,97.5713,53.581005,9071.45,Asia
South Korea,KOR,2022,97.1686,54.241924,9434.762,Asia
Spain,ESP,1996,1.3318474,42.10302,1286.1154,Europe
Spain,ESP,1997,2.8033197,43.426033,1336.11,Europe
Spain,ESP,1998,4.361892,44.1164,1487.4115,Europe
Spain,ESP,1999,7.0850396,43.85755,1512.1516,Europe
Spain,ESP,2000,13.625,44.811985,1874.0966,Europe
Spain,ESP,2001,18.1487,44.947136,1947.0436,Europe
Spain,ESP,2002,20.39,45.945953,2014.3625,Europe
Spain,ESP,2003,39.93,44.63244,2195.1057,Europe
Spain,ESP,2004,44.01,44.7477,2356.184,Europe
Spain,ESP,2005,47.88,46.64838,2516.1982,Europe
Spain,ESP,2006,50.37,48.49922,2613.2407,Europe
Spain,ESP,2007,55.11,51.199627,2720.222,Europe
Spain,ESP,2008,59.6,51.883926,2850.3599,Europe
Spain,ESP,2009,62.4,54.0441,2876.5146,Europe
Spain,ESP,2010,65.8,54.77375,2879.9976,Europe
Spain,ESP,2011,67.09,55.09166,2775.302,Europe
Spain,ESP,2012,69.81,57.414482,2693.3997,Europe
Spain,ESP,2013,71.635,57.504654,2623.647,Europe
Spain,ESP,2014,76.1867,57.19161,2614.4465,Europe
Spain,ESP,2015,78.6896,58.978977,2622.533,Europe
Spain,ESP,2016,80.5613,59.979256,2712.7495,Europe
Spain,ESP,2017,84.6022,61.159767,2847.3655,Europe
Spain,ESP,2018,86.1072,59.54519,2984.2964,Europe
Spain,ESP,2019,90.7187,62.680885,3048.1526,Europe
Spain,ESP,2020,93.2056,61.291573,3051.6465,Europe
Spain,ESP,2021,93.8975,61.418144,3229.649,Europe
Spain,ESP,2022,94.4855,62.984673,3387.4966,Europe
Sri Lanka,LKA,1996,0.0544645,7.1508865,194.43149,Asia
Sri Lanka,LKA,2000,0.64741,6.970878,132.70514,Asia
Sri Lanka,LKA,2004,1.44616,7.7254934,133.79126,Asia
Sri Lanka,LKA,2006,2.53757,9.118135,90.37763,Asia
Sri Lanka,LKA,2014,10.5,16.267624,95.87685,Asia
Sri Lanka,LKA,2015,15.26,17.45634,102.40151,Asia
Sri Lanka,LKA,2016,22.19,17.871292,102.9348,Asia
Sri Lanka,LKA,2017,25.1,17.869272,102.17296,Asia
Sri Lanka,LKA,2018,28.3,19.278402,101.11335,Asia
Sri Lanka,LKA,2020,36.1847,19.68723,100.80931,Asia
Sri Lanka,LKA,2022,50.1067,18.072573,94.4866,Asia
Sweden,SWE,1997,23.727947,56.678986,4169.896,Europe
Sweden,SWE,1999,41.432785,59.562214,4508.7666,Europe
Sweden,SWE,2001,51.7657,61.542847,5177.9893,Europe
Sweden,SWE,2003,79.13,65.40065,5389.382,Europe
Sweden,SWE,2004,83.89,67.76625,5434.969,Europe
Sweden,SWE,2005,84.83,67.8612,6103.309,Europe
Sweden,SWE,2006,87.76,68.75627,6159.3486,Europe
Sweden,SWE,2007,82.01,71.080475,5026.898,Europe
Sweden,SWE,2008,90.0,71.44491,5468.697,Europe
Sweden,SWE,2009,91.0,69.216644,5110.718,Europe
Sweden,SWE,2010,90.0,71.1375,5279.1743,Europe
Sweden,SWE,2011,92.77,75.29663,5172.4746,Europe
Sweden,SWE,2012,93.18,75.55018,5196.718,Europe
Sweden,SWE,2013,94.7836,74.577156,6717.619,Europe
Sweden,SWE,2014,92.5236,73.45989,6909.4644,Europe
Sweden,SWE,2015,90.6102,74.54128,6846.1343,Europe
Sweden,SWE,2016,89.6509,73.800705,7143.443,Europe
Sweden,SWE,2017,93.0063,75.30726,7316.6475,Europe
Sweden,SWE,2018,89.247,74.248825,7425.669,Europe
Sweden,SWE,2019,94.4934,80.12736,7685.8384,Europe
Sweden,SWE,2020,94.5394,81.9224,7754.644,Europe
Sweden,SWE,2021,94.6703,83.16069,8159.797,Europe
Sweden,SWE,2022,95.0097,81.12094,8623.746,Europe
Switzerland,CHE,1996,4.549657,50.94194,3130.0361,Europe
Switzerland,CHE,2000,47.1,54.414757,3643.6917,Europe
Switzerland,CHE,2004,67.8,56.729427,3451.7458,Europe
Switzerland,CHE,2008,79.2,72.58657,3313.5264,Europe
Switzerland,CHE,2012,85.2,86.639626,4497.487,Europe
Switzerland,CHE,2015,87.4791,85.66496,5308.733,Europe
Switzerland,CHE,2017,89.6861,88.95202,5257.3345,Europe
Switzerland,CHE,2019,93.1461,93.04306,5561.73,Europe
Switzerland,CHE,2021,95.5694,99.48323,6021.3984,Europe
Syria,SYR,2015,29.9798,11.647971,83.04849,Asia
Tanzania,TZA,2010,2.9,3.2826262,36.24107,Africa
Tanzania,TZA,2013,4.4,3.409559,19.31703,Africa
Thailand,THA,1996,0.11547214,7.9488363,101.45653,Asia
Thailand,THA,1997,0.36052218,7.319621,73.08507,Asia
Thailand,THA,1999,2.4262424,6.565673,168.24107,Asia
Thailand,THA,2001,5.55633,7.017102,279.59955,Asia
Thailand,THA,2003,9.29903,7.800051,280.52762,Asia
Thailand,THA,2005,15.026,9.0982485,311.9308,Asia
Thailand,THA,2007,20.03,10.143932,320.05038,Asia
Thailand,THA,2009,20.1,10.456538,324.12833,Asia
Thailand,THA,2011,23.6699,12.628325,528.5569,Asia
Thailand,THA,2013,28.94,14.217212,773.8102,Asia
Thailand,THA,2014,34.8861,14.125287,941.8006,Asia
Thailand,THA,2015,39.3161,14.475631,844.08075,Asia
Thailand,THA,2016,47.505,15.2124605,1179.074,Asia
Thailand,THA,2017,52.8919,16.220163,1315.7499,Asia
Thailand,THA,2018,56.8175,16.804295,1712.1537,Asia
Thailand,THA,2019,66.6524,17.634335,1744.1622,Asia
Thailand,THA,2020,77.8437,17.596155,2018.3479,Asia
Thailand,THA,2021,85.2696,18.212358,1695.7959,Asia
Thailand,THA,2022,87.9772,17.574179,1863.0758,Asia
Trinidad and Tobago,TTO,2017,70.6,43.32541,496.90234,Americas
Trinidad and Tobago,TTO,2018,72.8,43.24508,543.60046,Americas
Trinidad and Tobago,TTO,2019,75.0,44.9884,459.95724,Americas
Trinidad and Tobago,TTO,2020,77.2813,44.946587,604.7303,Americas
Trinidad and Tobago,TTO,2021,79.0,47.711666,539.19183,Americas
Trinidad and Tobago,TTO,2022,79.9843,46.88207,492.7155,Americas
Tunisia,TUN,2007,17.1,15.182602,1078.6276,Africa
Tunisia,TUN,2008,27.53,15.751016,1208.6094,Africa
Tunisia,TUN,2009,34.07,16.435621,1480.8346,Africa
Tunisia,TUN,2010,36.8,17.065113,1375.499,Africa
Tunisia,TUN,2011,39.1,17.645477,1420.3763,Africa
Tunisia,TUN,2012,41.4416,18.116611,1614.4487,Africa
Tunisia,TUN,2013,43.8,16.980402,1781.8885,Africa
Tunisia,TUN,2014,46.16,17.046808,1795.0618,Africa
Tunisia,TUN,2015,46.5,17.064772,1774.9454,Africa
Tunisia,TUN,2016,49.6,17.317915,1969.1002,Africa
Tunisia,TUN,2017,55.5002,17.039062,1919.0427,Africa
Tunisia,TUN,2018,64.1908,17.44739,1789.9536,Africa
Tunisia,TUN,2019,66.7,18.072878,1726.2166,Africa
Tunisia,TUN,2020,68.5564,17.487206,1644.5728,Africa
Tunisia,TUN,2021,68.3155,17.001617,1610.3428,Africa
Tunisia,TUN,2022,73.8379,17.583492,1703.9153,Africa
Turkey,TUR,1996,0.19272494,24.08818,294.0892,Asia
Turkey,TUR,1997,0.47369543,25.108702,302.9773,Asia
Turkey,TUR,1998,0.69880515,24.07644,298.97968,Asia
Turkey,TUR,1999,2.2921176,21.98228,312.6843,Asia
Turkey,TUR,2000,3.76169,24.512747,355.04828,Asia
Turkey,TUR,2001,5.18948,23.750864,344.81485,Asia
Turkey,TUR,2002,11.38,23.53937,360.00406,Asia
Turkey,TUR,2003,12.33,22.85436,484.24237,Asia
Turkey,TUR,2004,14.58,25.659742,496.59332,Asia
Turkey,TUR,2005,15.46,27.701159,567.50024,Asia
Turkey,TUR,2006,18.24,30.204082,612.1738,Asia
Turkey,TUR,2007,28.63,32.92979,705.52014,Asia
Turkey,TUR,2008,34.37,34.368958,742.7453,Asia
Turkey,TUR,2009,36.4,34.040092,801.9524,Asia
Turkey,TUR,2010,39.82,36.116432,882.50415,Asia
Turkey,TUR,2011,43.0657,39.551506,977.26306,Asia
Turkey,TUR,2012,45.13,40.59714,1100.1862,Asia
Turkey,TUR,2013,46.25,42.31441,1175.9016,Asia
Turkey,TUR,2014,51.0374,44.338398,1163.5369,Asia
Turkey,TUR,2015,53.745,46.236073,1136.1803,Asia
Turkey,TUR,2016,58.3477,46.469788,1263.789,Asia
Turkey,TUR,2017,64.6846,47.88645,1420.5957,Asia
Turkey,TUR,2018,71.0428,47.813248,1585.0833,Asia
Turkey,TUR,2019,73.9767,49.21171,1737.5762,Asia
Turkey,TUR,2020,77.6696,57.219536,1964.6567,Asia
Turkey,TUR,2021,81.4084,52.483856,2209.6992,Asia
Turkey,TUR,2022,83.4372,54.152428,2478.6763,Asia
Uganda,UGA,2010,4.3,6.3068557,39.56548,Africa
Uganda,UGA,2014,5.4,6.1606436,28.67676,Africa
Ukraine,UKR,2006,4.50612,10.909371,1451.9222,Europe
Ukraine,UKR,2007,6.55,12.210857,1430.0314,Europe
Ukraine,UKR,2008,11.0,13.0491495,1404.8412,Europe
Ukraine,UKR,2009,17.9,11.378683,1324.3237,Europe
Ukraine,UKR,2010,23.3,11.607736,1306.701,Europe
Ukraine,UKR,2011,28.7083,13.029414,1237.4763,Europe
Ukraine,UKR,2012,35.27,13.598371,1210.0457,Europe
Ukraine,UKR,2013,40.9541,14.506031,1139.6216,Europe
Ukraine,UKR,2014,46.236,14.472163,1002.50854,Europe
Ukraine,UKR,2015,48.8846,15.440828,1005.9972,Europe
Ukraine,UKR,2016,53.001,16.455778,1037.2408,Europe
Ukraine,UKR,2017,58.8895,16.845766,994.07745,Europe
Ukraine,UKR,2018,62.5532,17.198265,988.07666,Europe
Ukraine,UKR,2019,70.1248,18.405897,880.55414,Europe
Ukraine,UKR,2020,75.0379,19.819386,846.2485,Europe
Ukraine,UKR,2021,79.2183,21.64999,774.07275,Europe
United Arab Emirates,ARE,2015,90.5,49.87166,2168.4272,Asia
United Arab Emirates,ARE,2016,90.6,47.35865,2509.5535,Asia
United Arab Emirates,ARE,2018,98.45,45.923405,2464.5696,Asia
United Arab Emirates,ARE,2019,99.15,47.47686,2476.631,Asia
United Arab Emirates,ARE,2020,100.0,48.741535,2581.474,Asia
United Arab Emirates,ARE,2021,100.0,44.59965,2606.7847,Asia
United Kingdom,GBR,1996,4.1236506,52.780224,2485.7544,Europe
United Kingdom,GBR,1997,7.385399,55.18963,2495.0803,Europe
United Kingdom,GBR,1998,13.669983,56.392914,2694.0254,Europe
United Kingdom,GBR,1999,21.293638,58.364075,2853.239,Europe
United Kingdom,GBR,2000,26.8218,62.019405,2893.3757,Europe
United Kingdom,GBR,2001,33.4811,63.436264,3078.4094,Europe
United Kingdom,GBR,2002,56.48,63.061485,3335.6272,Europe
United Kingdom,GBR,2003,64.82,62.760895,3631.257,Europe
United Kingdom,GBR,2004,65.61,63.706306,3818.2354,Europe
United Kingdom,GBR,2005,70.0,66.20453,4117.745,Europe
United Kingdom,GBR,2006,68.82,66.2685,4176.4375,Europe
United Kingdom,GBR,2007,75.09,65.108116,4122.7134,Europe
United Kingdom,GBR,2008,78.39,65.44837,4077.2866,Europe
United Kingdom,GBR,2009,83.56,63.142673,4113.4155,Europe
United Kingdom,GBR,2010,85.0,62.195778,4089.2056,Europe
United Kingdom,GBR,2011,85.38,62.844765,3973.0237,Europe
United Kingdom,GBR,2012,87.48,63.155174,4017.982,Europe
United Kingdom,GBR,2013,89.8441,63.77222,4171.8076,Europe
United Kingdom,GBR,2014,91.6133,62.419716,4280.8,Europe
United Kingdom,GBR,2015,92.0003,63.72775,4389.5625,Europe
United Kingdom,GBR,2016,94.7758,63.4797,4434.659,Europe
United Kingdom,GBR,2017,90.4246,65.88062,4472.6943,Europe
United States,USA,1996,16.419353,53.23023,3126.5305,Americas
United States,USA,1997,21.616402,54.376328,3237.47,Americas
United States,USA,1998,30.093197,55.81051,3413.2437,Americas
United States,USA,1999,35.848724,57.530106,3478.634,Americas
United States,USA,2000,43.0792,59.149975,3487.8325,Americas
United States,USA,2001,49.0808,60.27278,3529.2659,Americas
United States,USA,2002,58.7854,61.876675,3576.987,Americas
United States,USA,2003,61.6971,63.79642,3779.0376,Americas
United States,USA,2004,64.7583,65.511055,3637.1401,Americas
United States,USA,2005,67.9681,66.79082,3560.2817,Americas
United States,USA,2006,68.9312,67.335144,3596.5535,Americas
United States,USA,2007,75.0,68.14117,3543.245,Americas
United States,USA,2008,74.0,68.95971,3668.5898,Americas
United States,USA,2009,71.0,71.02365,3790.4392,Americas
United States,USA,2010,71.69,72.9431,3550.085,Americas
United States,USA,2011,69.7295,72.994804,3659.0952,Americas
United States,USA,2012,74.7,73.444336,3642.5842,Americas
United States,USA,2013,71.4,74.135895,3725.7593,Americas
United States,USA,2014,73.0,74.58594,3824.012,Americas
United States,USA,2015,74.5542,74.986916,3858.0403,Americas
United States,USA,2016,85.5444,75.29495,3809.1199,Americas
United States,USA,2017,87.2749,76.11291,3931.6003,Americas
United States,USA,2018,88.4989,76.83071,4226.7915,Americas
United States,USA,2019,89.4303,77.74209,4265.921,Americas
United States,USA,2020,96.5768,81.08247,4464.0947,Americas
United States,USA,2021,96.7792,82.3028,4825.18,Americas
Uruguay,URY,1999,9.972765,20.445757,223.02794,Americas
Uruguay,URY,2000,10.5391,20.013767,282.62753,Americas
Uruguay,URY,2002,11.4195,18.989973,378.96957,Americas
Uruguay,URY,2008,39.3,22.426348,433.22906,Americas
Uruguay,URY,2009,41.8,23.68828,565.96313,Americas
Uruguay,URY,2010,46.4,27.248896,637.8396,Americas
Uruguay,URY,2011,51.4047,29.227512,628.67773,Americas
Uruguay,URY,2012,54.4538,30.719692,647.29156,Americas
Uruguay,URY,2013,57.69,31.5063,651.497,Americas
Uruguay,URY,2014,61.4625,32.828636,664.34393,Americas
Uruguay,URY,2015,64.5708,33.966007,687.09204,Americas
Uruguay,URY,2016,66.4,35.260612,739.46985,Americas
Uruguay,URY,2017,70.3224,35.62978,756.67883,Americas
Uruguay,URY,2018,80.7268,35.771927,787.0655,Americas
Uruguay,URY,2019,83.3515,38.193,803.4221,Americas
Uruguay,URY,2020,85.471,40.156452,820.55725,Americas
Uruguay,URY,2021,87.6444,38.698734,845.8214,Americas
Uruguay,URY,2022,89.873,38.517204,880.3045,Americas
Uzbekistan,UZB,2005,3.34351,6.1134586,638.4791,Asia
Uzbekistan,UZB,2006,6.38832,6.1043005,571.6759,Asia
Uzbekistan,UZB,2007,7.4906,6.652316,563.7357,Asia
Uzbekistan,UZB,2008,9.08011,6.680322,587.88055,Asia
Uzbekistan,UZB,2009,11.9,7.1471505,580.2566,Asia
Uzbekistan,UZB,2010,15.9,6.962992,551.74756,Asia
Uzbekistan,UZB,2011,18.6,7.4772396,582.25635,Asia
Uzbekistan,UZB,2012,23.6,7.7414923,520.309,Asia
Uzbekistan,UZB,2013,26.8,7.9355993,514.7647,Asia
Uzbekistan,UZB,2014,35.5,8.186527,508.96457,Asia
Uzbekistan,UZB,2015,42.8,8.576579,504.73688,Asia
Uzbekistan,UZB,2016,46.7913,8.470675,512.96906,Asia
Uzbekistan,UZB,2017,48.7,8.759643,501.9829,Asia
Uzbekistan,UZB,2018,55.2,9.8572235,481.96008,Asia
Uzbekistan,UZB,2019,70.4,9.942096,422.11188,Asia
Uzbekistan,UZB,2020,71.1,10.293637,426.4918,Asia
Uzbekistan,UZB,2021,76.5904,10.830035,523.87885,Asia
Uzbekistan,UZB,2022,83.9,11.576005,543.83923,Asia
Uzbekistan,UZB,2023,89.0136,11.938715,542.0727,Asia
Venezuela,VEN,1998,1.3839904,11.352047,49.59925,Americas
Venezuela,VEN,1999,2.8398259,11.88049,56.05112,Americas
Venezuela,VEN,2000,3.3596,14.073105,61.52819,Americas
Venezuela,VEN,2001,4.636,13.128458,71.13539,Americas
Venezuela,VEN,2002,4.91045,12.256613,69.86922,Americas
Venezuela,VEN,2003,7.49996,11.970776,95.45289,Americas
Venezuela,VEN,2004,8.40447,14.239686,105.25189,Americas
Venezuela,VEN,2005,12.553,17.611109,122.2736,Americas
Venezuela,VEN,2006,15.2247,19.9599,147.25143,Americas
Venezuela,VEN,2007,20.83,22.529364,164.09665,Americas
Venezuela,VEN,2008,25.88,25.99299,188.85344,Americas
Venezuela,VEN,2009,32.7,22.290731,184.39061,Americas
Venezuela,VEN,2010,37.37,26.679781,202.71225,Americas
Venezuela,VEN,2011,40.22,29.277555,231.7288,Americas
Venezuela,VEN,2012,49.0501,30.055267,295.73383,Americas
Venezuela,VEN,2013,54.9,28.037857,364.3316,Americas
Venezuela,VEN,2014,57.0,18.444345,272.2703,Americas
Vietnam,VNM,2002,1.855,2.7358446,119.01999,Asia
Vietnam,VNM,2013,38.5,6.6097536,684.8417,Asia
Vietnam,VNM,2015,45.0,7.4363456,681.68164,Asia
Vietnam,VNM,2017,58.14,8.676572,707.7001,Asia
Vietnam,VNM,2019,68.6616,9.733969,754.6175,Asia
Vietnam,VNM,2021,74.21,11.199046,767.88666,Asia
Zambia,ZMB,2008,2.2,5.9238334,41.90146,Africa
Zimbabwe,ZWE,2012,12.0,4.208882,95.1253,Africa
